feature,mean_permutation_importance,std_across_folds
M/Vlw,0.0920307977211821,0.08124476357835446
lw/tw,0.03441219789128279,0.033466479525950915
"ρhcFy,hc/fc",0.02781242453693068,0.028396599262049023
"ρvcFy,vc/fc",0.014081136472752479,0.025750867808511203
Ab/Ag,0.008474122454199191,0.04358822863303539
Section,0.006437905318066955,0.02806420766953457
"ρhwFy,vw/fc",-0.000636241116385075,0.07148161601160614
"ρvwFy,vw/fc",-0.0070575152743590245,0.0726521901268822
P/fcAg,-0.008241804335114556,0.018679035813683548
