RowID,SourceID,Author,Specimen,FailureMode,IsolationForestFlag,IsolationForestDecisionScore,LOFFlag,LOFNegativeOutlierFactor,ConsensusQualityReviewFlag
1,1,Lefas et al. (1990a),SW11,1,0,0.10315519236268195,0,-1.1038014964480025,0
2,2,Lefas et al. (1990a),SW12,1,0,0.09827892831309992,0,-1.0735257904674018,0
3,3,Lefas et al. (1990a),SW13,1,0,0.03009814542064848,0,-1.1127142464564088,0
4,4,Lefas et al. (1990a),SW14,1,0,0.07015759090023138,0,-1.1536340315209666,0
5,5,Lefas et al. (1990a),SW15,1,0,0.06921021047303638,0,-1.1406632620515231,0
6,6,Lefas et al. (1990a),SW16,1,0,0.06738789121036859,0,-1.1170656880915055,0
7,7,Lefas et al. (1990a),SW17,1,0,0.10861202470327241,0,-1.1930942331469367,0
8,8,Lefas et al. (1990a),SW21,1,0,0.0847577602639144,0,-1.1448530459632287,0
9,9,Lefas et al. (1990a),SW22,1,0,0.10859921645755993,0,-1.0963966357056523,0
10,10,Lefas et al. (1990a),SW23,1,0,0.08583510944836514,0,-1.0886503106596774,0
11,11,Lefas et al. (1990a),SW24,1,0,0.10713236157881245,0,-1.164141162910362,0
12,12,Lefas et al. (1990a),SW25,1,0,0.06996091444638541,0,-1.1023318904569614,0
13,13,Lefas et al. (1990a),SW26,1,0,0.024872064233276037,0,-1.3916022767092728,0
14,14,Lefas et al. (1990b),SW30,1,0,0.11783026193728907,0,-1.2134289125139812,0
15,15,Lefas et al. (1990b),SW31,1,0,0.13546216154710666,0,-1.2843051314103373,0
16,17,Lefas et al. (1990b),SW32,1,0,0.15696223521381825,0,-1.114020491270632,0
17,19,Lefas et al. (1990b),SW33,1,0,0.1514557068556629,0,-1.1866142383619835,0
18,39,Pilakoutas et al. (1995),SW4,1,0,0.1686583202732327,0,-0.9914278405161596,0
19,40,Pilakoutas et al. (1995),SW5,3,0,0.1633884821838973,0,-1.0435222558158848,0
20,41,Pilakoutas et al. (1995),SW6,2,0,0.17016189086244343,0,-0.9956875233631253,0
21,42,Pilakoutas et al. (1995),SW7,2,0,0.16488463510121065,0,-1.0442047815167066,0
22,43,Pilakoutas et al. (1995),SW8,1,0,0.169144902250014,0,-0.9914290824677486,0
23,44,Pilakoutas et al. (1995),SW9,1,0,0.16970155282674249,0,-1.0003031015207102,0
24,45,Salonikios et al. (1999),LSW1,4,0,0.09555426491038443,0,-1.1550159838176628,0
25,46,Salonikios et al. (1999),LSW2,4,0,0.13249054454954123,0,-1.1472627975973522,0
26,47,Salonikios et al. (1999),LSW3,4,0,0.12816556231122633,0,-1.2200982798725142,0
27,50,Salonikios et al. (1999),MSW1,1,0,0.13022128058932692,0,-1.1522055844056847,0
28,51,Salonikios et al. (1999),MSW2,1,0,0.16194637860312272,0,-1.048920822246017,0
29,52,Salonikios et al. (1999),MSW3,1,0,0.14699549965593534,0,-1.0875775256475664,0
30,56,Park et al. (2015),S1,3,0,0.12009403788893841,0,-1.0022973875993455,0
31,57,Park et al. (2015),S2,3,0,0.12016083908899838,0,-0.998377965897058,0
32,58,Park et al. (2015),S3,3,0,0.1462622121800598,0,-1.004342348034363,0
33,59,Park et al. (2015),S4,3,1,-0.06230393812055701,1,-1.4931858630220727,1
34,60,Park et al. (2015),S5,3,0,0.11895996509887763,0,-1.007549002212267,0
35,61,Park et al. (2015),S6,3,0,0.13785695772931256,0,-1.024721134503452,0
36,62,Park et al. (2015),S7,3,0,0.04092744286817551,0,-1.4279418335820604,0
37,63,Park et al. (2015),S8,1,0,0.07561483525030599,0,-1.3638026853224525,0
38,86,Teng and Chandra (2016),J1,3,0,0.02727369797786594,0,-1.0225757404087332,0
39,87,Teng and Chandra (2016),J2,3,0,0.02981178822784647,0,-1.019079836086015,0
40,64,Teng and Chandra (2016),J3,3,0,0.03299567452511831,0,-1.0218456408912964,0
41,65,Teng and Chandra (2016),J4,2,0,0.0357829447957978,0,-1.0732338083533828,0
42,66,Teng and Chandra (2016),J5,3,0,0.011922297990375808,0,-1.1051223093705493,0
43,91,Teng and Chandra (2016),J6,3,0,0.01374832695309225,0,-1.1442227433064498,0
44,67,Teng and Chandra (2016),J7,3,0,0.015572773767959291,0,-1.0949431115113806,0
45,68,Oesterle et al. (1976),R1,1,0,0.1254645732057968,0,-1.1009316120009132,0
46,69,Oesterle et al. (1976),R2,1,0,0.11403883092313205,0,-1.2884670792046573,0
47,70,Oesterle et al. (1976),B1,1,0,0.05654190245444424,0,-1.056906592722659,0
48,71,Oesterle et al. (1976),B3,1,0,0.056815379484980555,0,-1.0562045578192811,0
49,72,Oesterle et al. (1976),B4,1,0,0.05620256165697368,0,-1.062303071058543,0
50,73,Oesterle et al. (1976),B2,2,0,0.07257781779753669,0,-1.0485897214190174,0
51,74,Oesterle et al. (1976),B5,2,0,0.06881079594988948,0,-1.0624188859783796,0
52,76,Oesterle et al. (1976),F1,2,0,0.012027206782712296,0,-1.0940806633014712,0
53,77,Oesterle et al. (1979),B6,2,1,-0.0021571343012409816,0,-1.108044549652199,0
54,78,Oesterle et al. (1979),B7,2,0,0.07199639107198574,0,-1.0521481500296443,0
55,79,Oesterle et al. (1979),B8,2,0,0.04347295043971533,0,-1.082361227451266,0
56,80,Oesterle et al. (1979),B9,2,0,0.07016717913425546,0,-1.0492070569105656,0
57,82,Oesterle et al. (1979),B10,1,0,0.06504619259283956,0,-1.04088103141429,0
58,83,Oesterle et al. (1979),F2,2,0,0.01042839361671244,0,-1.106428092774917,0
59,84,Cheng et al. (2016),M60,4,0,0.15107659292477565,0,-1.126940655491803,0
60,85,Cheng et al. (2016),M115,4,0,0.11432554570886233,0,-1.3721968192138037,0
61,86,Cheng et al. (2016),H60,4,0,0.14794524409747656,0,-1.1070373637460509,0
62,87,Cheng et al. (2016),H115,4,0,0.13164959442059687,0,-1.1529162815128053,0
63,88,Cheng et al. (2016),H60X,4,0,0.15858469219302357,0,-1.0327992177617766,0
64,89,Alarcon et al. (2014),W1,1,0,0.1367924089409574,0,-1.2526736631587236,0
65,90,Alarcon et al. (2014),W2,1,0,0.11178878197156483,0,-1.0960688369689975,0
66,91,Alarcon et al. (2014),W3,1,0,0.08171447253642145,0,-1.0386244319361333,0
67,92,Tran (2012),RW-A20-P10-S38,2,0,0.1586533517839917,0,-0.9792082096884513,0
68,93,Tran (2012),RW-A20-P10-S63,1,0,0.15294331030905645,0,-1.0660294762995846,0
69,94,Tran (2012),RW-A15-P10-S51,1,0,0.16122227094183955,0,-0.9955185651714901,0
70,95,Tran (2012),RW-A15-P10-S78,4,0,0.16000967223605833,0,-1.0183425378347633,0
71,96,Tran (2012),RW-A15-P2.5-S64,4,0,0.15924955089276877,0,-1.0111555774549787,0
72,97,Hube et al. (2017),WSL1,3,0,0.15156737055765862,0,-0.9970098994416616,0
73,98,Hube et al. (2017),WSL2,4,0,0.15634171351248732,0,-0.9806930595117954,0
74,99,Hube et al. (2017),WSL3,3,0,0.14996900668631374,0,-1.003367290537731,0
75,100,Hube et al. (2017),WSL4,3,0,0.1413609061162031,0,-0.9996073672019667,0
76,101,Hube et al. (2017),WSL5,2,0,0.15136764142178405,0,-0.9861845269122972,0
77,102,Hube et al. (2017),WSL6,3,0,0.13980472208360017,0,-0.9925631064592799,0
78,103,Hube et al. (2017),WSL7,3,0,0.13976248355681925,0,-1.0069995161145393,0
79,104,Hube et al. (2017),WSL8,3,0,0.1376600871918346,0,-1.0081797469441702,0
80,105,Hube et al. (2017),WSL9,2,0,0.14289326633242222,0,-0.9973669987682341,0
81,121,Liu et al. (2009),M05C,2,1,-0.03330255825380013,0,-1.187527447611785,0
82,123,Liu et al. (2009),M10C,2,1,-0.02172892326064646,0,-1.1458096629318781,0
83,125,Liu et al. (2009),M15C,1,1,-0.0002555960471658514,0,-1.0708575411448842,0
84,127,Liu et al. (2009),M20C,1,0,0.006448205514251404,0,-1.062170109664923,0
85,130,Ghorbani-Renani et al. (2009),A2C,4,0,0.12489855535970107,0,-1.1411721143271865,0
86,132,Ghorbani-Renani et al. (2009),B2C,1,0,0.14781482623990194,0,-1.0825119059421784,0
87,133,Hirosawa (1975),Endo_1-3,2,0,0.05515688759577958,0,-1.0468485213430272,0
88,134,Hirosawa (1975),Endo_1-5,1,1,-0.05509240754550859,0,-1.308239298144467,0
89,135,Hirosawa (1975),Hirosawa_1-1,1,0,0.09439083466080417,0,-1.0397781932180377,0
90,136,Hirosawa (1975),Hirosawa_1-2,1,0,0.0825202335501109,0,-1.046593693058031,0
91,137,Hirosawa (1975),Hirosawa_1-3,1,0,0.07646353437917353,0,-1.0487435214519487,0
92,138,Hirosawa (1975),Hirosawa_1-4,1,0,0.044746323221157014,0,-1.120861084907612,0
93,139,Hirosawa (1975),Hirosawa_2-1,1,0,0.10113665555730916,0,-1.0264121153691335,0
94,140,Hirosawa (1975),Hirosawa_2-2,1,0,0.10113665555730916,0,-1.0264121153691335,0
95,141,Hirosawa (1975),Hirosawa_2-3,1,0,0.07049941380207353,0,-1.051162254855689,0
96,146,Hirosawa (1975),Kokusho_1-1,3,0,0.019613517699005434,0,-1.1171703787638803,0
97,147,Hirosawa (1975),Kokusho_1-2,3,0,0.07069501913326343,0,-0.9661487736528211,0
98,148,Hirosawa (1975),Kokusho_1-3,3,0,0.08458872778048027,0,-0.9757139751529781,0
99,149,Hirosawa (1975),Kokusho_1-4,3,0,0.08115324524724671,0,-0.9646277803308188,0
100,150,Hirosawa (1975),Kokusho_1-5,3,0,0.08458872778048027,0,-0.9757139751529781,0
101,151,Hirosawa (1975),Kokusho_1-6,3,0,0.08498115287909164,0,-0.985871800476116,0
102,152,Hirosawa (1975),Kokusho_1-7,3,0,0.08498115287909164,0,-0.985871800476116,0
103,153,Hirosawa (1975),Kokusho_2-1,3,0,0.07162950747106633,0,-0.9693550410968983,0
104,154,Hirosawa (1975),Kokusho_2-2,3,0,0.07797729756398403,0,-0.9918768832867766,0
105,155,Hirosawa (1975),Kokusho_2-3,3,0,0.08482644681805879,0,-0.9857223712177134,0
106,156,Hirosawa (1975),Kokusho_2-4,3,0,0.0515176760664236,0,-1.0065818601038015,0
107,157,Hirosawa (1975),Kokusho_2-5,3,0,0.07500159887680186,0,-0.9903776003636254,0
108,158,Hirosawa (1975),Kokusho_2-6,3,0,0.07567434003691492,0,-0.9907899815967752,0
109,159,Hirosawa (1975),Kokusho_3-1,3,0,0.037283647261820096,0,-1.0532811643215523,0
110,160,Hirosawa (1975),Kokusho_3-2,3,0,0.03735884512185661,0,-1.048711367466931,0
111,161,Hirosawa (1975),Kokusho_3-3,3,0,0.0749042391234071,0,-1.0109625177410426,0
112,162,Hirosawa (1975),Kokusho_3-4,3,0,0.08838871520661729,0,-1.0128678336937988,0
113,163,Hirosawa (1975),Kokusho_3-5,3,0,0.08571452724855266,0,-0.9944017160923908,0
114,164,Hirosawa (1975),Kokusho_3-6,3,0,0.003975037858188313,0,-1.1109138321438485,0
115,165,Hirosawa (1975),Kokusho_3-7,3,0,0.07001573954584489,0,-1.0316598047793648,0
116,166,Hirosawa (1975),Kokusho_3-8,3,0,0.0639066383040251,0,-1.0605597881666156,0
117,167,Hirosawa (1975),Hirosawa_7-1,2,0,0.10878658803199598,0,-1.1036055092944532,0
118,168,Hirosawa (1975),Hirosawa_7-2,3,0,0.12747172449789335,0,-0.993234217475219,0
119,169,Hirosawa (1975),Hirosawa_7-3,2,0,0.10594365380100484,0,-1.1690371431494728,0
120,170,Hirosawa (1975),Hirosawa_7-4,1,0,0.015334292004577255,0,-1.4211088673641197,0
121,171,Hirosawa (1975),Hirosawa_7-5,2,1,-0.06014133459338744,1,-1.5356175663727716,1
122,172,Hirosawa (1975),Hirosawa_7-6,1,0,0.010059228435131184,0,-1.4192976133486352,0
123,173,Hirosawa (1975),Hirosawa_8-1,1,0,0.12623328810089857,0,-1.1104078036080418,0
124,174,Hirosawa (1975),Hirosawa_8-2,2,0,0.053971036104226544,0,-1.3046775886580169,0
125,175,Hirosawa (1975),Hirosawa_8-3,1,1,-0.0278665030144003,0,-1.4353359784625117,0
126,176,Hirosawa (1975),Hirosawa_8-4,1,0,0.03010912858753867,0,-1.4100715762403089,0
127,177,Hirosawa (1975),Hirosawa_9-1,1,0,0.03072224711201721,1,-1.6068283487689214,0
128,178,Hirosawa (1975),Hirosawa_9-2,1,1,-0.006583889784362862,1,-1.7554759474821389,1
129,179,Hirosawa (1975),Hirosawa_9-3,1,1,-0.04721421383429414,1,-1.7471531768748882,1
130,180,Hirosawa (1975),Hirosawa_9-4,1,1,-0.009248692139992132,1,-1.5498002313127315,1
131,181,Hirosawa (1975),Tanabe_1-1,3,0,0.021577098220565194,1,-1.483235768790284,0
132,182,Hirosawa (1975),Tanabe_1-2,3,0,0.08317879390168148,0,-1.0414028768776846,0
133,183,Hirosawa (1975),Tanabe_1-3,3,0,0.05031850092817086,0,-1.298745824165047,0
134,184,Hirosawa (1975),Tanabe_2-1,3,0,0.06252378099576156,0,-1.1022354237151388,0
135,185,Hirosawa (1975),Tanabe_2-2,3,0,0.07908428143618773,0,-1.0606769945502106,0
136,186,Hirosawa (1975),Tanabe_2-3,3,0,0.06986448081105445,0,-1.111425764635307,0
137,187,Hirosawa (1975),Tanabe_2-4,3,1,-0.10122615603891272,1,-2.0046233875734574,1
138,188,Hirosawa (1975),Tanabe_2-5,3,0,0.09351124380635428,0,-1.055481217478398,0
139,189,Hirosawa (1975),Tanabe_2-6,3,0,0.06940082285201404,0,-1.1064906680426148,0
140,190,Hirosawa (1975),Tanabe_2-7,3,0,0.09463566715402005,0,-1.0494614709568115,0
141,191,Hirosawa (1975),Tanabe_2-8,3,0,0.12019734396802711,0,-0.9808298526002561,0
142,192,Hirosawa (1975),Tanabe_2-9,3,0,0.11771522276319835,0,-0.9817136036483716,0
143,193,Hirosawa (1975),Tanabe_2-10,3,0,0.11680300560202661,0,-0.9817136036483717,0
144,194,Hirosawa (1975),Tanabe_2-11,3,0,0.10807474836476055,0,-0.9857448833550031,0
145,195,Hirosawa (1975),Tanabe_2-12,3,0,0.11089953298999217,0,-0.9842798230749539,0
146,196,Hirosawa (1975),Tanabe_2-13,3,0,0.11058222222769182,0,-0.981744226876962,0
147,197,Hirosawa (1975),Tanabe_3-1,3,0,0.03284987076603507,1,-1.496859285385747,0
148,198,Hirosawa (1975),Tanabe_3-2,3,0,0.029926942654513233,1,-1.4949982488021005,0
149,199,Hirosawa (1975),Tanabe_3-3,3,0,0.10798720999906575,0,-1.0309079328004043,0
150,200,Hirosawa (1975),Tanabe_3-4,3,0,0.10539095282691563,0,-1.0125161476504527,0
151,201,Hirosawa (1975),Tanabe_3-5,3,0,0.12889395161769673,0,-0.9894916822840708,0
152,202,Hirosawa (1975),Tanabe_3-6,3,0,0.12376232560572414,0,-0.9981106150847644,0
153,203,Hirosawa (1975),Tanabe_3-7,3,0,0.11387510698191122,0,-0.9814839443116352,0
154,204,Hirosawa (1975),Tanabe_3-8,3,0,0.1169591440692988,0,-0.9851974307840212,0
155,205,Hirosawa (1975),Tanabe_4-1,3,0,0.025368926397110747,1,-1.4631966550583264,0
156,206,Hirosawa (1975),Tanabe_4-2,3,0,0.025824367169000273,1,-1.4676330558038568,0
157,207,Hirosawa (1975),Tanabe_4-3,3,0,0.025282390948521805,1,-1.4640940908755378,0
158,208,Hirosawa (1975),Tanabe_4-4,3,0,0.08686640683505092,0,-1.091311561366034,0
159,209,Hirosawa (1975),Tanabe_4-5,3,0,0.08870346505514765,0,-1.0889367804595715,0
160,210,Hirosawa (1975),Tanabe_4-6,3,0,0.09191747878579565,0,-1.0754230503945084,0
161,211,Hirosawa (1975),Tanabe_4-7,3,0,0.11676284013072707,0,-0.9769893457445529,0
162,212,Hirosawa (1975),Tanabe_4-8,3,0,0.11606649210750852,0,-0.974072543608038,0
163,213,Hirosawa (1975),Tanabe_4-9,3,0,0.11743924056384764,0,-0.9782028699094152,0
164,214,Hirosawa (1975),Tanabe_4-10,3,0,0.11710454850777446,0,-0.9879881573527474,0
165,215,Hirosawa (1975),Tanabe_4-11,3,0,0.11700801621842094,0,-0.987973263130512,0
166,216,Hirosawa (1975),Tanabe_4-12,3,0,0.11652467488541235,0,-0.9897477247942768,0
167,219,Hirosawa (1975),Sugano_2-1,3,0,0.055841247014913054,0,-1.101275380388424,0
168,220,Hirosawa (1975),Sugano_2-2,3,0,0.059063088491080495,0,-1.0941647831884354,0
169,221,Hirosawa (1975),Sugano_2-3,3,0,0.06297966088345508,0,-1.0829435337133642,0
170,222,Hirosawa (1975),Sugano_2-4,3,0,0.08792772422537448,0,-1.1016301930571792,0
171,223,Hirosawa (1975),Sugano_2-5,3,0,0.08827993588723354,0,-1.1022825231455295,0
172,224,Hirosawa (1975),Sugano_2-6,3,0,0.09009354482373955,0,-1.10299326928257,0
173,225,Hirosawa (1975),Sugano_2-7,3,0,0.08846548982963365,0,-1.0969493119608946,0
174,226,Hirosawa (1975),Sugano_2-8,3,0,0.07675990589748799,0,-1.0841235507009377,0
175,227,Dazio et al. (2009),WSH1,1,0,0.15463479777758116,0,-0.9915486905671692,0
176,228,Dazio et al. (2009),WSH2,1,0,0.1544444930157291,0,-0.9828787002702457,0
177,229,Dazio et al. (2009),WSH3,1,0,0.15043378312075267,0,-0.9974907138994993,0
178,230,Dazio et al. (2009),WSH4,1,0,0.15287881310172197,0,-1.0031865061113208,0
179,231,Dazio et al. (2009),WSH5,1,0,0.1365325243464366,0,-1.039714580118856,0
180,232,Dazio et al. (2009),WSH6,1,0,0.1460319868316476,0,-1.0268362156637967,0
181,233,Villalobos (2014),WMCC,1,0,0.14064066450565815,0,-1.123031729867333,0
182,234,Villalobos (2014),WMCN,1,0,0.1414384087598617,0,-1.1516168380917882,0
183,235,Villalobos (2014),W60N,2,0,0.14507412139320358,0,-1.1469159786793275,0
184,236,Villalobos (2014),W60C,2,0,0.14312600485825255,0,-1.1083180342546863,0
185,237,Villalobos (2014),W40C,2,0,0.14136907647595587,0,-1.1163430963646201,0
186,238,Villalobos (2014),W60N2,2,0,0.14432273084127695,0,-1.1418669373276047,0
187,239,Zhang and Wang (2000),SW7,1,0,0.047599430305909185,0,-1.3523271052988441,0
188,240,Zhang and Wang (2000),SW8,1,0,0.0370661296992999,1,-1.487583024810513,0
189,241,Zhang and Wang (2000),SW9,1,0,0.09276313790334634,1,-1.5212104791399237,0
190,242,Zhang and Wang (2000),SRCW12,1,0,0.061993796941031465,0,-1.3829246218888058,0
191,243,Hube et al. (2014),W4,2,0,0.13864549590357433,0,-1.1924389660080388,0
192,244,Hube et al. (2014),W5,1,0,0.14146123192764137,0,-1.2308453484460877,0
193,245,Hube et al. (2014),W6,1,0,0.10072011337896952,0,-1.1254418772054913,0
194,246,Hube et al. (2014),W7,1,0,0.13688447978363272,0,-1.2525156535148914,0
195,247,Hube et al. (2014),W8,1,0,0.09414761291776369,0,-1.1077823714641977,0
196,248,Hube et al. (2014),W9,1,0,0.12300796187134727,0,-1.172854096911026,0
197,249,Hidalgo et al. (2002),1,3,0,0.1425957840071448,0,-0.9806739391732571,0
198,250,Hidalgo et al. (2002),2,3,0,0.14559481531837243,0,-0.991075400611745,0
199,251,Hidalgo et al. (2002),4,3,0,0.12895855241020104,0,-0.9917739204559994,0
200,252,Hidalgo et al. (2002),6,3,0,0.14500099200383032,0,-0.9984251847457409,0
201,253,Hidalgo et al. (2002),7,3,0,0.1258970819824754,0,-1.0137374164505197,0
202,254,Hidalgo et al. (2002),8,3,0,0.11024609793255763,0,-1.0359005952384917,0
203,255,Hidalgo et al. (2002),9,2,0,0.12963948793285257,0,-1.0341191844550863,0
204,256,Hidalgo et al. (2002),10,2,0,0.06940540438832055,0,-1.170559009020001,0
205,257,Hidalgo et al. (2002),11,2,0,0.11789342607840908,0,-1.0007589454699644,0
206,258,Hidalgo et al. (2002),12,2,0,0.11583721644011774,0,-1.002620520859402,0
207,259,Hidalgo et al. (2002),13,2,0,0.12499184770834493,0,-1.0038660377604094,0
208,260,Hidalgo et al. (2002),14,2,0,0.07589947584454809,0,-1.1057644331747591,0
209,261,Hidalgo et al. (2002),15,2,0,0.07843988723415352,0,-1.0602055540154447,0
210,262,Hidalgo et al. (2002),16,2,0,0.08710117436312975,0,-1.0570585065880427,0
211,263,Hidalgo et al. (2002),21,2,0,0.12794847727895042,0,-1.005374356717129,0
212,264,Hidalgo et al. (2002),22,2,0,0.12794847727895042,0,-1.005374356717129,0
213,265,Hidalgo et al. (2002),23,2,0,0.13886341438103683,0,-0.9936822958852769,0
214,266,Hidalgo et al. (2002),24,2,0,0.1369165100260994,0,-1.0729741128871066,0
215,267,Hidalgo et al. (2002),25,2,0,0.11532534614323237,0,-1.034798089983559,0
216,268,Hidalgo et al. (2002),26,2,0,0.11532534614323237,0,-1.034798089983559,0
217,269,Hidalgo et al. (2002),27,2,0,0.12397198138887539,0,-1.0103159804294428,0
218,270,Hidalgo et al. (2002),28,2,0,0.12546505751302178,0,-1.057220423219969,0
219,271,Hidalgo et al. (2002),29,2,0,0.08784474509204576,0,-1.127846750031948,0
220,272,Hidalgo et al. (2002),30,2,0,0.08784474509204576,0,-1.127846750031948,0
221,273,Hidalgo et al. (2002),31,2,0,0.09824139491960271,0,-1.0686673542856007,0
222,274,Hidalgo et al. (2002),32,2,0,0.07871202958921586,0,-1.065269065230338,0
223,275,Han et al. (2002),W2,1,0,0.15977049487076106,0,-0.9995416751172538,0
224,276,Han et al. (2002),W3,1,0,0.11610847237838745,0,-1.291651401857973,0
225,277,Barda et al. (1977),B1-1,2,0,0.06860150227565293,0,-0.9940300251766224,0
226,278,Barda et al. (1977),B2-1,3,1,-0.06510503704885917,1,-1.9089307472211097,1
227,279,Barda et al. (1977),B3-2,3,0,0.059708174745082776,0,-1.0580972631357937,0
228,280,Barda et al. (1977),B4-3,3,1,-0.016133589605174414,1,-1.570124848735722,1
229,281,Barda et al. (1977),B5-4,3,0,0.01902152988324013,0,-1.2975754419906926,0
230,282,Barda et al. (1977),B6-4,3,0,0.021410160333086847,0,-1.4137545177653033,0
231,283,Barda et al. (1977),B7-5,3,0,0.0272076216261965,0,-1.2808832990507721,0
232,284,Barda et al. (1977),B8-5,3,0,0.037001022616836465,0,-1.2001294351907033,0
233,286,SLDRCE (2008),Jiang_SSW-2,4,0,0.039675161416743876,0,-1.2751834579780217,0
234,287,SLDRCE (2008),Jiang_SSW-3,4,1,-0.004395556724571703,0,-1.4345399959790728,0
235,297,SLDRCE (2008),Zhou_SW1,1,0,0.10208963554770129,0,-1.0917270888911104,0
236,298,SLDRCE (2008),Zhou_SW2,2,0,0.12351182960881718,0,-1.1413725434404434,0
237,301,SLDRCE (2008),Zhang_SW1-1,1,0,0.15934859224155246,0,-1.0642064308682855,0
238,302,SLDRCE (2008),Zhang_SW1-2,1,0,0.1414661821424682,0,-1.1260900209118068,0
239,303,SLDRCE (2008),Zhang_SW1-3,1,0,0.11029702549234965,0,-1.041776966226282,0
240,304,SLDRCE (2008),Zhang_SW1-4,1,0,0.08107224768703836,0,-1.056722322665641,0
241,305,SLDRCE (2008),Zhang_SW2-1,2,0,0.10181481536437087,0,-1.1265939249187071,0
242,306,SLDRCE (2008),Zhang_SW2-2,1,0,0.11204905373520119,0,-1.0904522772052445,0
243,307,SLDRCE (2008),Zhang_SW2-3,1,0,0.12533953435089074,0,-1.0786793434244004,0
244,309,SLDRCE (2008),Zhang_SW3-1,1,0,0.1414661821424682,0,-1.1260900209118068,0
245,310,SLDRCE (2008),Zhang_SW3-2,1,0,0.12533953435089074,0,-1.0786793434244004,0
246,311,SLDRCE (2008),Zhang_SW4-1,1,0,0.11130362850109826,0,-1.0801047579198932,0
247,312,SLDRCE (2008),Zhang_SW4-2,1,0,0.12533953435089074,0,-1.0786793434244004,0
248,348,SLDRCE (2008),Zhang_SW4-3,1,0,0.12533953435089074,0,-1.0786793434244004,0
249,315,SLDRCE (2008),Zhang_SW5-1,1,0,0.10791747099129734,0,-1.078454057085033,0
250,351,SLDRCE (2008),Zhang_SW5-2,1,0,0.12533953435089074,0,-1.0786793434244004,0
251,317,SLDRCE (2008),Zhang_SW5-3,1,0,0.10749464744378895,0,-1.0812306243677452,0
252,318,SLDRCE (2008),Zhang_SW6-1,1,0,0.09556711844036092,0,-1.1490418937584557,0
253,354,SLDRCE (2008),Zhang_SW6-2,1,0,0.12533953435089074,0,-1.0786793434244004,0
254,320,SLDRCE (2008),Zhang_SW6-3,1,0,0.12533953435089074,0,-1.0786793434244004,0
255,321,Greifenhagen and Lestuzzi (2005),M1,1,0,0.15444092219349737,0,-0.99390717472854,0
256,322,Greifenhagen and Lestuzzi (2005),M2,1,0,0.13713807015813145,0,-0.9933618914758146,0
257,323,Greifenhagen and Lestuzzi (2005),M3,2,0,0.13322378868172813,0,-1.3680570601554238,0
258,324,Greifenhagen and Lestuzzi (2005),M4,1,0,0.14789242985732348,0,-1.0960011832767993,0
259,325,Tasnimi (2000),SHW1,1,0,0.16634635502593792,0,-0.9953992476870956,0
260,326,Tasnimi (2000),SHW2,1,0,0.16634635502593792,0,-0.9953992476870956,0
261,327,Tasnimi (2000),SHW3,1,0,0.16719563979319552,0,-0.99616428850671,0
262,328,Tasnimi (2000),SHW4,1,0,0.16687267177843013,0,-0.9961642885067101,0
263,329,Aoyama et al. (1984),P2015,3,0,0.015696933075375563,0,-1.219472385436084,0
264,330,Chiou et al. (2004),MWF1,2,0,0.09737855680985319,0,-0.991888691031844,0
265,331,Chiou et al. (2004),MWF2,2,0,0.10215687644737004,0,-0.9903081008303853,0
266,332,Chiou et al. (2004),LWF1,2,0,0.07220773879826553,0,-1.0608254652252904,0
267,333,Chiou et al. (2004),LWF2,2,0,0.07706754773512531,0,-1.0527375781641268,0
268,334,Cho et al.(2004),W3,1,0,0.05794169039707714,1,-1.6152805973564675,0
269,335,Deng et al.(2008),HPCW-01,1,0,0.1439104228378884,0,-1.0529346549671437,0
270,336,Deng et al.(2008),HPCW-02,1,0,0.14466088482674005,0,-1.0199582188041711,0
271,337,Deng et al.(2008),HPCW-03,1,0,0.14686941625780586,0,-1.0243085324796586,0
272,338,Deng et al.(2008),HPCW-04,1,0,0.14192527761709978,0,-1.0016747124022356,0
273,339,Elnashai and Pinho (1998),Original,1,0,0.13200739494257824,0,-1.160361451955528,0
274,340,Hsiao et al.(2008),MW1,2,0,0.015004771943025408,0,-1.2881219480484283,0
275,341,Hsiao et al.(2008),LW1,2,1,-0.00899964023151234,1,-1.4541988542919388,1
276,342,Hwang et al. (2004),WF-12,2,1,-0.0011304901473305762,1,-1.5935804807919298,1
277,343,Hwang et al. (2004),WF-15,4,0,0.0524631807293906,0,-1.1734279922742146,0
278,344,Kabeyasawa and Matsumoto (1992),NW-1,2,0,0.016500715719119707,0,-1.2191040826799504,0
279,345,Kabeyasawa and Matsumoto (1992),NW-2,2,0,0.02471210889668629,0,-1.3299603984278057,0
280,346,Kabeyasawa and Matsumoto (1992),NW-3,2,0,0.00045439297273919266,0,-1.246797872585916,0
281,347,Kabeyasawa and Matsumoto (1992),NW-4,2,1,-0.015060644222544717,0,-1.2816928169869568,0
282,348,Kabeyasawa and Matsumoto (1992),NW-5,2,0,0.020027029733496793,0,-1.2200648010057658,0
283,349,Kabeyasawa and Matsumoto (1992),NW-6,2,0,0.02227348746267499,0,-1.2710547025994845,0
284,350,Kimura and Sugano (1996),W8N18,2,0,0.031726513171825066,0,-1.2019448352912925,0
285,351,Kimura and Sugano (1996),W8N13,2,0,0.05044880304530042,0,-1.2424581491311737,0
286,352,Kimura and Sugano (1996),W8N08H,2,0,0.059402451749411334,0,-1.2086945757691332,0
287,353,Kimura and Sugano (1996),W4N18,2,1,-0.05327895344123157,0,-1.2284163934368757,0
288,354,Kimura and Sugano (1996),W4N18C,2,1,-0.07100468630047252,0,-1.1899333226727091,0
289,355,Lombard et al.(2000),1,1,0,0.14875690236822897,0,-1.008404101371704,0
290,356,Lopes et al. (2001),SW13,2,0,0.16074037984462125,0,-1.0297647429385612,0
291,357,Massone et al. (2009),WS-T1-S1,3,0,0.16546933539578634,0,-1.0398306835570634,0
292,358,Massone et al. (2009),WS-T4-S2,4,0,0.16735482092713733,0,-0.9819030603407881,0
293,359,Massone et al. (2009),WP-T5-N10-S2,2,0,0.16824534361657695,0,-0.9805841253100676,0
294,360,Nakamura et al. (2009),I-1,4,0,0.05837287308395256,0,-0.971675752049471,0
295,361,Nakamura et al. (2009),I-2,4,0,0.05014870938855187,0,-0.9923425850857883,0
296,362,Oh et al. (2006),HRI-W2,1,0,0.16056982561857136,0,-0.9675871250273179,0
297,363,Oh et al. (2006),HRI-W5,1,0,0.1535846901464064,0,-1.0130079917583048,0
298,364,Oh et al. (2006),HRI-W7,1,0,0.04810215507198773,0,-1.0622856963300822,0
299,365,Oh et al. (2002),WR-0,1,0,0.16161405674450918,0,-0.9776321546953897,0
300,366,Palermo and Vecchio (2002),DP1,4,1,-0.08418412583875667,0,-1.4133035902087994,0
301,367,Palermo and Vecchio (2002),DP2,4,1,-0.10233760092201505,1,-1.5336259542857409,1
302,368,Paulay et al. (1982),wall 1,4,0,0.004082682172094398,0,-1.3620130496202616,0
303,369,Sittipunt and Wood (2004),W1,3,0,0.0982616942059889,0,-1.0191842005404959,0
304,370,Sittipunt and Wood (2004),W2,3,0,0.09833252878421844,0,-1.017824716946134,0
305,371,Taylor et al. (1996),RW2,1,0,0.10564661579929946,0,-1.2937744186532019,0
306,372,Tokunaga and Nakachi (2012),No3,2,0,0.09177466307404497,0,-1.1133112250617052,0
307,373,Tokunaga and Nakachi (2012),No4,2,1,-0.020204352740275877,0,-1.4327274065320175,0
308,374,Tokunaga and Nakachi (2012),H1,2,0,0.0010094621353464728,0,-1.4307843108198202,0
309,375,Tomazevic et al. (1996),SW00N1,2,0,0.13021254277468425,0,-1.0757716357035778,0
310,376,Tomazevic et al. (1996),SW00N2,2,0,0.12284466442253494,0,-1.171575524330644,0
311,377,Tomazevic et al. (1996),SW23N1,2,0,0.13018951380439164,0,-1.0750197245211017,0
312,378,Tomazevic et al. (1996),SW23N2,2,0,0.1288942526519649,0,-1.1214987763175912,0
313,379,Tomazevic et al. (1996),SW23C1,2,0,0.13865625400470732,0,-1.092805894239947,0
314,380,Tomazevic et al. (1996),SW23C2,2,0,0.13136150403607483,0,-1.1354942520691162,0
315,381,Tomazevic et al. (1996),SW60N1,2,0,0.1282612365911971,0,-1.1587867752496,0
316,382,Tomazevic et al. (1996),SW60N2,2,0,0.12145996686071503,0,-1.1916783955632764,0
317,383,Tomazevic et al. (1996),SW60C1,2,0,0.1278459986651268,0,-1.1517037557995544,0
318,384,Tomazevic et al. (1996),SW60C2,2,0,0.12098630288070716,0,-1.1888506771196763,0
319,385,Wallace et al. (2008),P0.05,2,0,0.14418030570495555,0,-0.993853152531593,0
320,387,Su and Wong (2007),W1,1,1,-0.009355163967377345,1,-1.642197139865306,1
321,388,Su and Wong (2007),W2,1,1,-0.06671602091431339,1,-1.5010793319139955,1
322,389,Su and Wong (2007),W3,1,1,-0.05660888122153507,1,-1.4560620841151177,1
323,390,Dabbagh (2005),SW1,3,0,0.05881094963194694,0,-1.0288736021528078,0
324,391,Dabbagh (2005),SW2,4,0,0.06625258134218404,0,-1.0061474156425547,0
325,392,Dabbagh (2005),SW3,3,0,0.0704601384152872,0,-1.0193793486751688,0
326,393,Dabbagh (2005),SW4,3,0,0.07897515764127389,0,-0.9997371115126965,0
327,394,Dabbagh (2005),SW5,3,0,0.06548337341943378,0,-1.0282430735599288,0
328,395,Dabbagh (2005),SW6,3,0,0.06661256442455576,0,-1.0141865069394917,0
329,396,Gebreyohaness et al (2014),WPS1,3,0,0.15989947791500986,0,-0.9925708415455045,0
330,397,Gebreyohaness et al (2014),WPS2,3,0,0.13044638750641674,0,-1.0172872900707952,0
331,398,Gebreyohaness et al (2014),WPS3,3,0,0.16944685989926916,0,-0.9850755362880248,0
332,399,Gebreyohaness et al (2014),WPS4,2,0,0.15306803393123547,0,-1.0058270353564769,0
333,404,Gebreyohaness et al (2014),WPS9,3,0,0.16441928134143363,0,-0.9934648826464298,0
334,405,Gebreyohaness et al (2014),WPS10,2,0,0.149217603564816,0,-0.9861150700940801,0
335,406,Gebreyohaness et al (2014),WSS1,3,0,0.15727742063168398,0,-0.9870170592256476,0
336,407,Gebreyohaness et al (2014),WSS2,3,0,0.13029633468578944,0,-1.0225393636822693,0
337,408,Jiang et al. (2013),SW1,1,0,0.004590145955628455,0,-1.2644266063838416,0
338,409,Jiang et al. (2013),SW2,1,1,-0.013560867804942478,0,-1.336736023138071,0
339,410,Jiang et al. (2013),SW3,1,1,-0.027900493756122136,0,-1.4482899408972405,0
340,411,Jiang et al. (2013),SW4,1,1,-0.04842326588936152,1,-1.4569752179707405,1
341,412,Jiang et al. (2013),SW5,1,1,-0.016100445959150278,0,-1.4159757095374883,0
342,413,Jiang et al. (2013),SW7,1,0,0.07761331613508671,0,-1.0480754392561447,0
343,414,Kuang and Ho (2008),U1.0,1,0,0.10626741951881102,1,-1.5478644898166638,0
344,415,Kuang and Ho (2008),U1.5,1,0,0.11423554882646209,1,-1.4696899266015664,0
345,416,Kuang and Ho (2008),C1.0,1,0,0.11856914317698908,0,-1.4290175631505173,0
346,417,Kuang and Ho (2008),C1.5,1,0,0.11351990012975771,0,-1.3756441259359689,0
347,418,Kuang and Ho (2008),U1.0-BC,1,0,0.09099267511055337,0,-1.1879828275626907,0
348,419,Kuang and Ho (2008),U1.5-BC,1,0,0.09365556328356195,0,-1.1654052258960406,0
349,420,Kuang and Ho (2008),U1.0-BC2,1,0,0.10095860931097522,0,-1.1737163264441508,0
350,421,Kuang and Ho (2008),U1.0-CT,1,0,0.12180982723115691,0,-1.378064210960221,0
351,422,Gupta and Rangan (1998),S-F,1,0,0.07743136979429188,0,-0.9819066049227514,0
352,423,Gupta and Rangan (1998),S-1,3,0,0.077265860635583,0,-1.0026816528178575,0
353,424,Gupta and Rangan (1998),S-2,3,0,0.0618311799766425,0,-1.0359863731584649,0
354,425,Gupta and Rangan (1998),S-3,3,0,0.08900221883439885,0,-0.9852412810201429,0
355,426,Gupta and Rangan (1998),S-4,3,0,0.08153363625001292,0,-1.0038400227023498,0
356,427,Gupta and Rangan (1998),S-5,3,0,0.06718320860572519,0,-1.0290461825763257,0
357,428,Gupta and Rangan (1998),S-6,3,0,0.08251456785457206,0,-1.0053744654719279,0
358,429,Gupta and Rangan (1998),S-7,3,0,0.08382955301653977,0,-1.0069905578045888,0
359,430,Yuan et al. (2018),SW-1,1,0,0.14820681617133447,0,-1.008473909059564,0
360,431,Yuan et al. (2018),SW-2,1,0,0.1427269185511561,0,-1.0860425565928034,0
361,432,Yanez et al. (1991),S1,1,0,0.14205294673992602,0,-1.0069245427409714,0
362,434,Terzioglu et al. (2018),T2-S2-3,2,0,0.10876378726313918,0,-1.055272137008553,0
363,435,Terzioglu et al. (2018),T1-S2-9,2,0,0.12422470289702653,0,-1.0027058307487837,0
364,436,Terzioglu et al. (2018),T1-N10-S1-11,2,0,0.12549779317720677,0,-0.9981174640001805,0
365,437,Terzioglu et al. (2018),T1-S1-2,2,0,0.13698210099511177,0,-0.98193802789393,0
366,438,Abdulridha and Palermo (2017),W1-SR,1,0,0.1123747964842517,0,-1.23643125027743,0
367,439,Christidis and Trezos (2017),W7,1,1,-0.024788455721922786,1,-1.486392998100197,1
368,440,Christidis and Trezos (2017),W9,2,0,0.11368676631251945,0,-1.453881196505839,0
369,441,Christidis and Trezos (2017),W11,2,0,0.10983485951859034,1,-1.4992534016073966,0
370,442,Christidis and Trezos (2017),W13,2,0,0.096437518704788,0,-1.3081692840721932,0
371,443,Ren et al. (2018),RC-W,1,0,0.12672246335792303,0,-1.1101754287225618,0
372,444,Qiao et al. (2017),W1,1,0,0.1495108230274883,0,-0.9948831345415314,0
373,445,Shen et al. (2017),SHW0,1,0,0.1685809667032946,0,-0.9788699426732018,0
374,446,Mohamed et al. (2014),ST15,1,0,0.14403660938564034,0,-0.9974866115307902,0
375,447,Ghazizadeh and Cruz-Noguez (2018),Control Wall,1,0,0.15456099534508366,0,-0.998443868684571,0
376,448,Aanasopoulou (2010),S1,1,0,0.13256958731503454,0,-1.2111091364909803,0
377,449,Aanasopoulou (2010),S4,4,0,0.08474060435503528,0,-1.3306905075764541,0
378,450,Aanasopoulou (2010),S6,1,0,0.08756117535656688,0,-1.3524673949587054,0
379,451,Aanasopoulou (2010),S9,1,0,0.03849772845098198,1,-1.5279124333477132,0
380,452,Aanasopoulou (2010),S10,1,0,0.04561295325196846,1,-1.4833173984682044,0
381,453,Alltin et al. (2013),Specimen 1,3,1,-0.05317485139675815,1,-2.651381474036874,1
382,454,Zhu and Guo (2017),MW,1,0,0.16527954801255507,0,-0.991511935567229,0
383,455,Mansur et al. (1992),W2,2,0,0.10481264521700867,0,-0.9913133574308685,0
384,456,Mansur et al. (1992),W3,2,0,0.10445219414238643,0,-0.9912873516024954,0
385,457,Mansur et al. (1992),W4,2,0,0.07725208709830861,0,-1.0416222405963091,0
386,458,Lu et al. (2017),C1,1,0,0.15684453412247873,0,-0.977287171924835,0
387,459,Lu et al. (2018),C2,1,0,0.16150392204909914,0,-0.9734195206145622,0
388,460,Lu et al. (2019),C3,1,0,0.15766855463735052,0,-0.9729043773097595,0
389,461,Lu et al. (2020),C4,1,0,0.15970575678980625,0,-0.9913551172149416,0
390,462,Lu et al. (2021),C5,1,0,0.15789685821420207,0,-0.9790297732548809,0
391,463,Lu et al. (2022),C6,1,0,0.1574750138283318,0,-0.9728012075115657,0
392,464,Tripathi et al. (2019),SWD-1,1,0,0.15698971133350004,0,-0.9845274212768276,0
393,465,Tripathi et al. (2020),SWD-2,1,0,0.15705448478922995,0,-0.9810473408810735,0
