epoch,train_loss,validation_f1_macro
1,1.3596907324261136,0.29591836734693877
2,1.1835917962921991,0.31560891938250424
3,1.0796804295645819,0.4111786558595069
4,1.0355208184983995,0.36490034610335365
5,1.005581299463908,0.33888888888888885
6,0.9682421286900839,0.33215686274509804
7,0.8884360194206238,0.3053459119496855
8,0.9299499789873759,0.3053459119496855
9,0.8691760566499498,0.30689102564102566
10,0.8744669490390353,0.3288888888888889
11,0.8373435338338217,0.33125
12,0.8144951197836134,0.3354609929078014
13,0.7812970876693726,0.34596491228070175
14,0.8177996079126993,0.34596491228070175
15,0.7888720300462511,0.33928571428571425
16,0.7893841399086846,0.3476190476190476
17,0.7301858133739896,0.3476190476190476
18,0.7598757876290215,0.3476190476190476
19,0.7885124815834893,0.3416666666666667
20,0.7171839243835874,0.34596491228070175
21,0.7106860677401224,0.3476190476190476
22,0.7062910695870718,0.33308004052684903
23,0.6624351077609592,0.32660455486542445
24,0.680113759305742,0.33161708619374525
25,0.7252543403042687,0.33308004052684903
26,0.7963118884298537,0.33741496598639453
27,0.6456599434216818,0.34674922600619196
28,0.6469991174009111,0.3408668730650155
29,0.69668357902103,0.3408668730650155
30,0.6266310016314188,0.33474442408542365
31,0.6501586503452725,0.33474442408542365
32,0.6535029941134982,0.34674922600619196
33,0.5917866163783603,0.33474442408542365
