RowID,SourceID,Author,Specimen,FailureMode,EvaluationGroup,PredictedFailureMode,Correct,Probability_Flexural,Probability_Shear,Probability_Flex-Shear,Probability_Sliding
1,1,Lefas et al. (1990a),SW11,1,G001,4,0,0.24401587301587302,0.1380079365079365,0.08416666666666667,0.5338095238095238
2,2,Lefas et al. (1990a),SW12,1,G001,4,0,0.33252380952380955,0.23736507936507933,0.058801587301587306,0.3713095238095238
3,3,Lefas et al. (1990a),SW13,1,G001,4,0,0.30462698412698425,0.22998412698412693,0.017444444444444443,0.4479444444444444
4,4,Lefas et al. (1990a),SW14,1,G001,4,0,0.23968253968253966,0.08573015873015873,0.08377777777777777,0.5908095238095238
5,5,Lefas et al. (1990a),SW15,1,G001,4,0,0.29057936507936516,0.189531746031746,0.06313492063492063,0.4567539682539682
6,6,Lefas et al. (1990a),SW16,1,G001,4,0,0.3114047619047619,0.28965079365079366,0.043444444444444445,0.3555
7,7,Lefas et al. (1990a),SW17,1,G001,4,0,0.23096031746031745,0.12295238095238095,0.1226111111111111,0.5234761904761904
8,8,Lefas et al. (1990a),SW21,1,G001,1,1,0.7180476190476189,0.20172222222222222,0.02211904761904762,0.05811111111111111
9,9,Lefas et al. (1990a),SW22,1,G001,1,1,0.7441666666666665,0.20900000000000002,0.005777777777777778,0.04105555555555556
10,10,Lefas et al. (1990a),SW23,1,G001,1,1,0.7588888888888887,0.20277777777777775,0.005777777777777778,0.03255555555555556
11,11,Lefas et al. (1990a),SW24,1,G001,1,1,0.7548809523809523,0.18,0.015896825396825395,0.04922222222222222
12,12,Lefas et al. (1990a),SW25,1,G001,1,1,0.7558333333333332,0.20361111111111108,0.004666666666666666,0.0358888888888889
13,13,Lefas et al. (1990a),SW26,1,G001,1,1,0.412468253968254,0.3426587301587303,0.04512698412698412,0.19974603174603178
14,14,Lefas et al. (1990b),SW30,1,G002,1,1,0.6614629629629629,0.1436666666666667,0.022648148148148143,0.17222222222222222
15,15,Lefas et al. (1990b),SW31,1,G002,1,1,0.794074074074074,0.0776111111111111,0.01792592592592593,0.11038888888888888
16,17,Lefas et al. (1990b),SW32,1,G002,1,1,0.9165740740740741,0.019944444444444445,0.02403703703703703,0.03944444444444445
17,19,Lefas et al. (1990b),SW33,1,G002,1,1,0.8901851851851852,0.034666666666666665,0.02403703703703703,0.05111111111111111
18,39,Pilakoutas et al. (1995),SW4,1,G003,1,1,0.656777777777778,0.1779444444444444,0.019333333333333334,0.14594444444444446
19,40,Pilakoutas et al. (1995),SW5,3,G003,1,0,0.6125555555555556,0.16222222222222224,0.07516666666666669,0.15005555555555555
20,41,Pilakoutas et al. (1995),SW6,2,G003,1,0,0.6257777777777779,0.26027777777777783,0.049833333333333334,0.0641111111111111
21,42,Pilakoutas et al. (1995),SW7,2,G003,1,0,0.5678888888888889,0.12605555555555556,0.017555555555555553,0.2885
22,43,Pilakoutas et al. (1995),SW8,1,G003,1,1,0.6435793650793651,0.24364285714285713,0.05305555555555555,0.05972222222222221
23,44,Pilakoutas et al. (1995),SW9,1,G003,1,1,0.6186984126984127,0.21356349206349204,0.048888888888888885,0.11884920634920636
24,45,Salonikios et al. (1999),LSW1,4,G004,4,1,0.35083333333333333,0.030555555555555555,0.005,0.6136111111111111
25,46,Salonikios et al. (1999),LSW2,4,G004,4,1,0.18341269841269842,0.009722222222222222,0.0033333333333333335,0.803531746031746
26,47,Salonikios et al. (1999),LSW3,4,G004,4,1,0.19702380952380952,0.017777777777777778,0.07694444444444444,0.7082539682539681
27,50,Salonikios et al. (1999),MSW1,1,G004,1,1,0.6357777777777777,0.09403703703703704,0.04077777777777778,0.22940740740740737
28,51,Salonikios et al. (1999),MSW2,1,G004,1,1,0.8121666666666666,0.034833333333333334,0.00911111111111111,0.14388888888888887
29,52,Salonikios et al. (1999),MSW3,1,G004,1,1,0.7132777777777777,0.05511111111111112,0.04744444444444445,0.18416666666666667
30,56,Park et al. (2015),S1,3,G005,3,1,0.14743650793650795,0.29627380952380955,0.4435119047619047,0.11277777777777777
31,57,Park et al. (2015),S2,3,G005,3,1,0.14343650793650795,0.30094047619047626,0.4411785714285714,0.11444444444444443
32,58,Park et al. (2015),S3,3,G005,3,1,0.15367460317460319,0.28765873015873017,0.41914285714285704,0.13952380952380952
33,59,Park et al. (2015),S4,3,G005,2,0,0.1915079365079365,0.417706349206349,0.16726984126984126,0.223515873015873
34,60,Park et al. (2015),S5,3,G005,3,1,0.16058730158730156,0.3204920634920635,0.3939206349206349,0.125
35,61,Park et al. (2015),S6,3,G005,3,1,0.23999999999999996,0.2707777777777778,0.3606111111111111,0.1286111111111111
36,62,Park et al. (2015),S7,3,G005,1,0,0.2954166666666666,0.22845502645502638,0.2675357142857143,0.20859259259259255
37,63,Park et al. (2015),S8,1,G005,4,0,0.4288055555555555,0.0821111111111111,0.016861111111111108,0.4722222222222222
38,86,Teng and Chandra (2016),J1,3,G006,1,0,0.40515079365079365,0.15100793650793645,0.1453095238095238,0.2985317460317461
39,87,Teng and Chandra (2016),J2,3,G006,1,0,0.3994920634920635,0.12255555555555556,0.10558730158730159,0.3723650793650794
40,64,Teng and Chandra (2016),J3,3,G006,4,0,0.34429365079365076,0.1366190476190476,0.1291984126984127,0.3898888888888889
41,65,Teng and Chandra (2016),J4,2,G006,2,1,0.2821031746031746,0.30955555555555564,0.20147619047619053,0.2068650793650794
42,66,Teng and Chandra (2016),J5,3,G006,1,0,0.7669603174603173,0.14589682539682539,0.026587301587301587,0.06055555555555556
43,91,Teng and Chandra (2016),J6,3,G006,1,0,0.7788015873015873,0.13933333333333334,0.021865079365079365,0.06
44,67,Teng and Chandra (2016),J7,3,G006,1,0,0.8027936507936507,0.10339682539682538,0.026587301587301587,0.06722222222222222
45,68,Oesterle et al. (1976),R1,1,G007,2,0,0.36060317460317454,0.5805079365079365,0.014888888888888889,0.044
46,69,Oesterle et al. (1976),R2,1,G007,1,1,0.5101746031746032,0.2976031746031747,0.07,0.12222222222222223
47,70,Oesterle et al. (1976),B1,1,G007,1,1,0.4098492063492063,0.21971428571428575,0.36043650793650794,0.01
48,71,Oesterle et al. (1976),B3,1,G007,2,0,0.32128306878306884,0.4926058201058201,0.1822222222222222,0.0038888888888888883
49,72,Oesterle et al. (1976),B4,1,G007,2,0,0.35041534391534396,0.4654179894179895,0.1802777777777778,0.0038888888888888883
50,73,Oesterle et al. (1976),B2,2,G007,3,0,0.28446031746031747,0.2639920634920635,0.44821428571428573,0.0033333333333333335
51,74,Oesterle et al. (1976),B5,2,G007,2,1,0.06985185185185186,0.7740370370370371,0.1388888888888889,0.01722222222222222
52,76,Oesterle et al. (1976),F1,2,G007,2,1,0.11833333333333333,0.655873015873016,0.1609047619047619,0.0648888888888889
53,77,Oesterle et al. (1979),B6,2,G008,2,1,0.1921190476190476,0.764547619047619,0.03166666666666667,0.011666666666666667
54,78,Oesterle et al. (1979),B7,2,G008,2,1,0.28457142857142853,0.6884841269841269,0.020277777777777777,0.006666666666666667
55,79,Oesterle et al. (1979),B8,2,G008,2,1,0.14928571428571427,0.8337698412698412,0.009166666666666667,0.007777777777777777
56,80,Oesterle et al. (1979),B9,2,G008,2,1,0.255015873015873,0.7219285714285714,0.016944444444444443,0.0061111111111111106
57,82,Oesterle et al. (1979),B10,1,G008,1,1,0.5030714285714285,0.47331746031746036,0.01361111111111111,0.01
58,83,Oesterle et al. (1979),F2,2,G008,2,1,0.2882222222222222,0.5696111111111111,0.04055555555555556,0.1016111111111111
59,84,Cheng et al. (2016),M60,4,G009,4,1,0.2644722222222222,0.12544444444444444,0.05349999999999999,0.5565833333333332
60,85,Cheng et al. (2016),M115,4,G009,4,1,0.3679166666666666,0.17577777777777784,0.07150000000000001,0.3848055555555556
61,86,Cheng et al. (2016),H60,4,G009,4,1,0.07972222222222221,0.03388888888888889,0.044722222222222226,0.8416666666666667
62,87,Cheng et al. (2016),H115,4,G009,4,1,0.03944444444444445,0.023888888888888887,0.011944444444444445,0.9247222222222223
63,88,Cheng et al. (2016),H60X,4,G009,4,1,0.12223809523809524,0.14395238095238094,0.17733333333333334,0.5564761904761905
64,89,Alarcon et al. (2014),W1,1,G010,1,1,0.9581190476190475,0.04104761904761905,0.0008333333333333334,0.0
65,90,Alarcon et al. (2014),W2,1,G010,1,1,0.9036507936507936,0.09634920634920634,0.0,0.0
66,91,Alarcon et al. (2014),W3,1,G010,1,1,0.8714285714285714,0.12857142857142856,0.0,0.0
67,92,Tran (2012),RW-A20-P10-S38,2,G011,1,0,0.91,0.0475,0.03916666666666667,0.0033333333333333335
68,93,Tran (2012),RW-A20-P10-S63,1,G011,1,1,0.6098769841269842,0.2014126984126984,0.1412857142857143,0.04742460317460318
69,94,Tran (2012),RW-A15-P10-S51,1,G011,1,1,0.8479920634920636,0.09884126984126984,0.042888888888888886,0.010277777777777776
70,95,Tran (2012),RW-A15-P10-S78,4,G011,1,0,0.4714166666666667,0.2098412698412699,0.22617460317460314,0.09256746031746033
71,96,Tran (2012),RW-A15-P2.5-S64,4,G011,1,0,0.4262420634920634,0.20568253968253972,0.2692857142857142,0.09878968253968255
72,97,Hube et al. (2017),WSL1,3,G012,1,0,0.5529206349206349,0.2719126984126984,0.023055555555555555,0.1521111111111111
73,98,Hube et al. (2017),WSL2,4,G012,1,0,0.4520555555555556,0.42027777777777775,0.054444444444444455,0.07322222222222222
74,99,Hube et al. (2017),WSL3,3,G012,1,0,0.6437777777777778,0.1835,0.012777777777777777,0.15994444444444442
75,100,Hube et al. (2017),WSL4,3,G012,1,0,0.5093968253968255,0.3767698412698413,0.03738888888888889,0.07644444444444444
76,101,Hube et al. (2017),WSL5,2,G012,1,0,0.5034206349206349,0.3460793650793651,0.015833333333333335,0.13466666666666666
77,102,Hube et al. (2017),WSL6,3,G012,2,0,0.4138650793650794,0.47249603174603183,0.045750000000000006,0.06788888888888889
78,103,Hube et al. (2017),WSL7,3,G012,1,0,0.5827222222222223,0.2651666666666666,0.011944444444444443,0.1401666666666667
79,104,Hube et al. (2017),WSL8,3,G012,2,0,0.43730952380952376,0.47224603174603175,0.02811111111111111,0.06233333333333333
80,105,Hube et al. (2017),WSL9,2,G012,1,0,0.5445,0.3102222222222222,0.03222222222222222,0.11305555555555558
81,121,Liu et al. (2009),M05C,2,G013,2,1,0.2508333333333334,0.5573333333333333,0.1305,0.06133333333333333
82,123,Liu et al. (2009),M10C,2,G013,2,1,0.23396296296296304,0.5487037037037037,0.1726111111111111,0.044722222222222226
83,125,Liu et al. (2009),M15C,1,G013,2,0,0.24074074074074087,0.4161481481481481,0.2962222222222222,0.0468888888888889
84,127,Liu et al. (2009),M20C,1,G013,2,0,0.29179629629629633,0.3423703703703704,0.34027777777777773,0.025555555555555557
85,130,Ghorbani-Renani et al. (2009),A2C,4,G014,1,0,0.6267222222222222,0.29800000000000004,0.0275,0.04777777777777777
86,132,Ghorbani-Renani et al. (2009),B2C,1,G014,1,1,0.7742777777777777,0.16172222222222224,0.011777777777777778,0.05222222222222222
87,133,Hirosawa (1975),Endo_1-3,2,G015,2,1,0.12242460317460319,0.5295555555555554,0.10805952380952377,0.23996031746031746
88,134,Hirosawa (1975),Endo_1-5,1,G015,4,0,0.10707142857142855,0.24384126984126983,0.12496031746031747,0.5241269841269842
89,135,Hirosawa (1975),Hirosawa_1-1,1,G015,3,0,0.11918518518518517,0.41152777777777777,0.4540489417989418,0.015238095238095238
90,136,Hirosawa (1975),Hirosawa_1-2,1,G015,3,0,0.14707407407407408,0.34091666666666665,0.46589814814814823,0.04611111111111111
91,137,Hirosawa (1975),Hirosawa_1-3,1,G015,3,0,0.13318518518518518,0.35480555555555554,0.46145370370370375,0.050555555555555555
92,138,Hirosawa (1975),Hirosawa_1-4,1,G015,3,0,0.12118518518518519,0.3649166666666667,0.4419537037037039,0.07194444444444445
93,139,Hirosawa (1975),Hirosawa_2-1,1,G015,3,0,0.09210185185185185,0.4078333333333334,0.48760449735449746,0.01246031746031746
94,140,Hirosawa (1975),Hirosawa_2-2,1,G015,3,0,0.09210185185185185,0.4078333333333334,0.48760449735449746,0.01246031746031746
95,141,Hirosawa (1975),Hirosawa_2-3,1,G015,3,0,0.13874074074074075,0.34091666666666665,0.46756481481481493,0.05277777777777777
96,146,Hirosawa (1975),Kokusho_1-1,3,G015,2,0,0.041999999999999996,0.662972222222222,0.21547222222222226,0.07955555555555556
97,147,Hirosawa (1975),Kokusho_1-2,3,G015,2,0,0.05599999999999999,0.48969444444444443,0.24102777777777784,0.21327777777777776
98,148,Hirosawa (1975),Kokusho_1-3,3,G015,2,0,0.029777777777777778,0.40245238095238106,0.333436507936508,0.2343333333333333
99,149,Hirosawa (1975),Kokusho_1-4,3,G015,2,0,0.044222222222222225,0.47195238095238107,0.2495476190476191,0.23427777777777778
100,150,Hirosawa (1975),Kokusho_1-5,3,G015,2,0,0.029777777777777778,0.40245238095238106,0.333436507936508,0.2343333333333333
101,151,Hirosawa (1975),Kokusho_1-6,3,G015,2,0,0.029777777777777778,0.39161904761904776,0.34760317460317464,0.23099999999999998
102,152,Hirosawa (1975),Kokusho_1-7,3,G015,2,0,0.029777777777777778,0.39161904761904776,0.34760317460317464,0.23099999999999998
103,153,Hirosawa (1975),Kokusho_2-1,3,G015,2,0,0.05272222222222222,0.41208333333333336,0.33502777777777776,0.2001666666666667
104,154,Hirosawa (1975),Kokusho_2-2,3,G015,3,1,0.026444444444444444,0.2932301587301588,0.4481031746031746,0.23222222222222225
105,155,Hirosawa (1975),Kokusho_2-3,3,G015,2,0,0.03783333333333333,0.3698412698412699,0.34149206349206346,0.2508333333333333
106,156,Hirosawa (1975),Kokusho_2-4,3,G015,3,1,0.029777777777777778,0.2791190476190477,0.4239365079365079,0.26716666666666666
107,157,Hirosawa (1975),Kokusho_2-5,3,G015,3,1,0.03227777777777778,0.28989682539682543,0.44143650793650796,0.2363888888888889
108,158,Hirosawa (1975),Kokusho_2-6,3,G015,3,1,0.03894444444444445,0.2937857142857143,0.43310317460317455,0.23416666666666666
109,159,Hirosawa (1975),Kokusho_3-1,3,G015,2,0,0.06755555555555555,0.5107936507936506,0.3405238095238095,0.08112698412698413
110,160,Hirosawa (1975),Kokusho_3-2,3,G015,2,0,0.05305555555555556,0.5290238095238095,0.32679365079365075,0.09112698412698411
111,161,Hirosawa (1975),Kokusho_3-3,3,G015,3,1,0.012888888888888889,0.2038888888888889,0.40181746031746024,0.38140476190476186
112,162,Hirosawa (1975),Kokusho_3-4,3,G015,4,0,0.016222222222222225,0.19938888888888887,0.38320634920634916,0.40118253968253964
113,163,Hirosawa (1975),Kokusho_3-5,3,G015,4,0,0.02288888888888889,0.19377777777777777,0.35359523809523813,0.42973809523809525
114,164,Hirosawa (1975),Kokusho_3-6,3,G015,4,0,0.02372222222222222,0.16583333333333333,0.29570634920634914,0.5147380952380952
115,165,Hirosawa (1975),Kokusho_3-7,3,G015,4,0,0.03205555555555556,0.19805555555555554,0.35542857142857137,0.4144603174603175
116,166,Hirosawa (1975),Kokusho_3-8,3,G015,4,0,0.025388888888888888,0.18805555555555556,0.3579285714285714,0.42862698412698413
117,167,Hirosawa (1975),Hirosawa_7-1,2,G015,3,0,0.10702777777777778,0.10283333333333333,0.41911111111111105,0.37102777777777773
118,168,Hirosawa (1975),Hirosawa_7-2,3,G015,4,0,0.11583333333333336,0.12894444444444444,0.37555555555555553,0.37966666666666665
119,169,Hirosawa (1975),Hirosawa_7-3,2,G015,4,0,0.1305,0.13672222222222224,0.3119444444444444,0.4208333333333333
120,170,Hirosawa (1975),Hirosawa_7-4,1,G015,4,0,0.20147222222222222,0.08777777777777776,0.35361111111111115,0.35713888888888884
121,171,Hirosawa (1975),Hirosawa_7-5,2,G015,3,0,0.20369444444444443,0.11761111111111111,0.37043650793650795,0.3082579365079365
122,172,Hirosawa (1975),Hirosawa_7-6,1,G015,3,0,0.19041666666666665,0.1367777777777778,0.3634920634920635,0.30931349206349207
123,173,Hirosawa (1975),Hirosawa_8-1,1,G015,4,0,0.24055555555555552,0.020277777777777777,0.019166666666666665,0.72
124,174,Hirosawa (1975),Hirosawa_8-2,2,G015,4,0,0.2759166666666667,0.06177777777777777,0.061717171717171705,0.600588383838384
125,175,Hirosawa (1975),Hirosawa_8-3,1,G015,4,0,0.3106388888888889,0.07344444444444444,0.06076479076479077,0.555151875901876
126,176,Hirosawa (1975),Hirosawa_8-4,1,G015,4,0,0.30013888888888884,0.07205555555555555,0.03515873015873015,0.5926468253968254
127,177,Hirosawa (1975),Hirosawa_9-1,1,G015,1,1,0.38273148148148145,0.13741005291005293,0.2428968253968254,0.23696164021164018
128,178,Hirosawa (1975),Hirosawa_9-2,1,G015,1,1,0.3803148148148147,0.1424100529100529,0.22845238095238096,0.2488227513227513
129,179,Hirosawa (1975),Hirosawa_9-3,1,G015,1,1,0.37131481481481476,0.18741005291005294,0.22956349206349208,0.21171164021164018
130,180,Hirosawa (1975),Hirosawa_9-4,1,G015,1,1,0.35995370370370366,0.1890767195767196,0.2328968253968254,0.21807275132275128
131,181,Hirosawa (1975),Tanabe_1-1,3,G015,2,0,0.0857222222222222,0.6225119047619045,0.2128452380952381,0.07892063492063492
132,182,Hirosawa (1975),Tanabe_1-2,3,G015,2,0,0.04747222222222223,0.8045793650793649,0.13537698412698415,0.012571428571428572
133,183,Hirosawa (1975),Tanabe_1-3,3,G015,2,0,0.18898809523809526,0.46167857142857144,0.29766666666666663,0.051666666666666666
134,184,Hirosawa (1975),Tanabe_2-1,3,G015,2,0,0.04247222222222223,0.7942579365079363,0.13934920634920636,0.023920634920634922
135,185,Hirosawa (1975),Tanabe_2-2,3,G015,2,0,0.05080555555555557,0.770690476190476,0.16259920634920635,0.015904761904761904
136,186,Hirosawa (1975),Tanabe_2-3,3,G015,2,0,0.05625,0.7161111111111109,0.19363888888888892,0.033999999999999996
137,187,Hirosawa (1975),Tanabe_2-4,3,G015,4,0,0.08213888888888889,0.31959523809523815,0.2532896825396825,0.34497619047619044
138,188,Hirosawa (1975),Tanabe_2-5,3,G015,2,0,0.03441666666666667,0.3843730158730159,0.308345238095238,0.27286507936507937
139,189,Hirosawa (1975),Tanabe_2-6,3,G015,3,1,0.021916666666666668,0.34548412698412706,0.3500119047619048,0.28258730158730155
140,190,Hirosawa (1975),Tanabe_2-7,3,G015,2,0,0.03441666666666667,0.3843730158730159,0.308345238095238,0.27286507936507937
141,191,Hirosawa (1975),Tanabe_2-8,3,G015,2,0,0.03691666666666667,0.4029444444444445,0.35056746031746033,0.20957142857142858
142,192,Hirosawa (1975),Tanabe_2-9,3,G015,2,0,0.03691666666666667,0.39572222222222225,0.3577896825396825,0.20957142857142858
143,193,Hirosawa (1975),Tanabe_2-10,3,G015,2,0,0.03358333333333334,0.3890555555555556,0.3744563492063492,0.20290476190476195
144,194,Hirosawa (1975),Tanabe_2-11,3,G015,2,0,0.034972222222222224,0.45122222222222225,0.26524999999999993,0.24855555555555553
145,195,Hirosawa (1975),Tanabe_2-12,3,G015,2,0,0.02652777777777778,0.5863333333333332,0.22669444444444437,0.16044444444444447
146,196,Hirosawa (1975),Tanabe_2-13,3,G015,2,0,0.023194444444444448,0.593,0.22336111111111104,0.16044444444444447
147,197,Hirosawa (1975),Tanabe_3-1,3,G015,4,0,0.04875,0.31120634920634926,0.278234126984127,0.36180952380952375
148,198,Hirosawa (1975),Tanabe_3-2,3,G015,4,0,0.04158333333333333,0.32620634920634933,0.2654007936507936,0.36680952380952375
149,199,Hirosawa (1975),Tanabe_3-3,3,G015,2,0,0.033027777777777774,0.4040952380952382,0.2957896825396825,0.26708730158730154
150,200,Hirosawa (1975),Tanabe_3-4,3,G015,2,0,0.036861111111111115,0.39576190476190487,0.2952896825396825,0.27208730158730154
151,201,Hirosawa (1975),Tanabe_3-5,3,G015,2,0,0.04136111111111111,0.46116666666666667,0.2595119047619047,0.23796031746031743
152,202,Hirosawa (1975),Tanabe_3-6,3,G015,2,0,0.04213888888888889,0.5083888888888889,0.22595634920634916,0.22351587301587306
153,203,Hirosawa (1975),Tanabe_3-7,3,G015,2,0,0.04897222222222223,0.5465,0.2698611111111111,0.13466666666666666
154,204,Hirosawa (1975),Tanabe_3-8,3,G015,2,0,0.045138888888888895,0.5469444444444443,0.27141666666666664,0.13649999999999998
155,205,Hirosawa (1975),Tanabe_4-1,3,G015,4,0,0.04847222222222222,0.3128730158730159,0.25573412698412695,0.3829206349206349
156,206,Hirosawa (1975),Tanabe_4-2,3,G015,4,0,0.04847222222222222,0.3128730158730159,0.25573412698412695,0.3829206349206349
157,207,Hirosawa (1975),Tanabe_4-3,3,G015,4,0,0.04847222222222222,0.3128730158730159,0.25573412698412695,0.3829206349206349
158,208,Hirosawa (1975),Tanabe_4-4,3,G015,2,0,0.035250000000000004,0.39076190476190487,0.2807896825396825,0.2931984126984127
159,209,Hirosawa (1975),Tanabe_4-5,3,G015,2,0,0.036583333333333336,0.3874285714285715,0.2827896825396825,0.2931984126984127
160,210,Hirosawa (1975),Tanabe_4-6,3,G015,2,0,0.036583333333333336,0.3874285714285715,0.2827896825396825,0.2931984126984127
161,211,Hirosawa (1975),Tanabe_4-7,3,G015,2,0,0.042694444444444445,0.399888888888889,0.3389007936507936,0.21851587301587302
162,212,Hirosawa (1975),Tanabe_4-8,3,G015,2,0,0.04386111111111111,0.4082222222222223,0.33106746031746026,0.21684920634920635
163,213,Hirosawa (1975),Tanabe_4-9,3,G015,2,0,0.042694444444444445,0.39655555555555566,0.3405674603174603,0.22018253968253967
164,214,Hirosawa (1975),Tanabe_4-10,3,G015,2,0,0.05230555555555556,0.41677777777777786,0.27386111111111106,0.25705555555555554
165,215,Hirosawa (1975),Tanabe_4-11,3,G015,2,0,0.050972222222222224,0.4123333333333334,0.2851944444444444,0.25149999999999995
166,216,Hirosawa (1975),Tanabe_4-12,3,G015,2,0,0.05013888888888889,0.40983333333333344,0.3004722222222222,0.23955555555555552
167,219,Hirosawa (1975),Sugano_2-1,3,G015,2,0,0.017583333333333333,0.43498412698412703,0.3499722222222222,0.19746031746031747
168,220,Hirosawa (1975),Sugano_2-2,3,G015,2,0,0.017583333333333333,0.4333174603174604,0.35330555555555554,0.1957936507936508
169,221,Hirosawa (1975),Sugano_2-3,3,G015,2,0,0.01925,0.43498412698412703,0.35330555555555554,0.19246031746031747
170,222,Hirosawa (1975),Sugano_2-4,3,G015,2,0,0.014527777777777778,0.5029285714285714,0.3075833333333334,0.17496031746031748
171,223,Hirosawa (1975),Sugano_2-5,3,G015,2,0,0.014527777777777778,0.5098730158730159,0.2981388888888889,0.17746031746031748
172,224,Hirosawa (1975),Sugano_2-6,3,G015,2,0,0.03869444444444444,0.4926507936507936,0.3011944444444445,0.1674603174603175
173,225,Hirosawa (1975),Sugano_2-7,3,G015,2,0,0.028694444444444443,0.438484126984127,0.3620277777777777,0.17079365079365083
174,226,Hirosawa (1975),Sugano_2-8,3,G015,2,0,0.027027777777777776,0.432484126984127,0.36330555555555555,0.17718253968253972
175,227,Dazio et al. (2009),WSH1,1,G016,1,1,0.738861111111111,0.19602777777777777,0.05455555555555556,0.010555555555555556
176,228,Dazio et al. (2009),WSH2,1,G016,1,1,0.7105833333333331,0.21569444444444444,0.05983333333333333,0.01388888888888889
177,229,Dazio et al. (2009),WSH3,1,G016,1,1,0.6613888888888888,0.21366666666666664,0.05016666666666667,0.07477777777777778
178,230,Dazio et al. (2009),WSH4,1,G016,1,1,0.6356111111111109,0.27505555555555555,0.07644444444444444,0.012888888888888889
179,231,Dazio et al. (2009),WSH5,1,G016,1,1,0.7926388888888887,0.16402777777777777,0.02583333333333333,0.0175
180,232,Dazio et al. (2009),WSH6,1,G016,1,1,0.7594999999999998,0.1662222222222222,0.02977777777777777,0.0445
181,233,Villalobos (2014),WMCC,1,G017,1,1,0.7250317460317461,0.11641269841269838,0.05361111111111111,0.10494444444444445
182,234,Villalobos (2014),WMCN,1,G017,1,1,0.6418730158730158,0.18205555555555553,0.1369047619047619,0.03916666666666667
183,235,Villalobos (2014),W60N,2,G017,1,0,0.6236507936507937,0.23183333333333334,0.10773809523809523,0.03677777777777777
184,236,Villalobos (2014),W60C,2,G017,1,0,0.7275873015873017,0.1175238095238095,0.05694444444444444,0.09794444444444445
185,237,Villalobos (2014),W40C,2,G017,1,0,0.7236984126984128,0.11641269841269838,0.05694444444444444,0.10294444444444445
186,238,Villalobos (2014),W60N2,2,G017,1,0,0.6398174603174605,0.2065,0.11757142857142855,0.03611111111111111
187,239,Zhang and Wang (2000),SW7,1,G018,1,1,0.8623968253968254,0.02317460317460317,0.030166666666666665,0.08426190476190476
188,240,Zhang and Wang (2000),SW8,1,G018,1,1,0.8714523809523811,0.019007936507936505,0.030166666666666665,0.07937301587301587
189,241,Zhang and Wang (2000),SW9,1,G018,1,1,0.8423412698412699,0.02345238095238095,0.02772222222222222,0.10648412698412699
190,242,Zhang and Wang (2000),SRCW12,1,G018,1,1,0.8386190476190476,0.02361904761904762,0.031055555555555555,0.1067063492063492
191,243,Hube et al. (2014),W4,2,G019,1,0,0.9532777777777778,0.023944444444444442,0.019444444444444445,0.0033333333333333335
192,244,Hube et al. (2014),W5,1,G019,1,1,0.8453888888888889,0.06898148148148148,0.048185185185185185,0.03744444444444444
193,245,Hube et al. (2014),W6,1,G019,1,1,0.9684682539682541,0.016611111111111108,0.013253968253968254,0.0016666666666666668
194,246,Hube et al. (2014),W7,1,G019,1,1,0.9789444444444445,0.013277777777777777,0.007777777777777777,0.0
195,247,Hube et al. (2014),W8,1,G019,1,1,0.9039444444444444,0.0751111111111111,0.0,0.020944444444444443
196,248,Hube et al. (2014),W9,1,G019,1,1,0.9589444444444445,0.033277777777777774,0.007777777777777777,0.0
197,249,Hidalgo et al. (2002),1,3,G020,3,1,0.1653333333333333,0.2077222222222222,0.41383333333333333,0.21311111111111114
198,250,Hidalgo et al. (2002),2,3,G020,3,1,0.05650000000000001,0.2636666666666667,0.3510555555555555,0.3287777777777778
199,251,Hidalgo et al. (2002),4,3,G020,2,0,0.03666666666666667,0.38938888888888895,0.24627777777777776,0.32766666666666666
200,252,Hidalgo et al. (2002),6,3,G020,2,0,0.1087222222222222,0.42819841269841274,0.38319047619047614,0.0798888888888889
201,253,Hidalgo et al. (2002),7,3,G020,2,0,0.034055555555555554,0.689888888888889,0.189,0.08705555555555555
202,254,Hidalgo et al. (2002),8,3,G020,2,0,0.036194444444444446,0.7597222222222222,0.1395277777777778,0.06455555555555555
203,255,Hidalgo et al. (2002),9,2,G020,2,1,0.035111111111111114,0.6306111111111112,0.2562222222222222,0.07805555555555556
204,256,Hidalgo et al. (2002),10,2,G020,2,1,0.06725000000000002,0.5065555555555556,0.3203611111111111,0.10583333333333332
205,257,Hidalgo et al. (2002),11,2,G020,2,1,0.08427777777777777,0.466,0.3672222222222221,0.0825
206,258,Hidalgo et al. (2002),12,2,G020,2,1,0.021444444444444443,0.5782777777777778,0.28277777777777774,0.1175
207,259,Hidalgo et al. (2002),13,2,G020,2,1,0.04066666666666667,0.5965,0.26233333333333336,0.10049999999999999
208,260,Hidalgo et al. (2002),14,2,G020,3,0,0.07836111111111112,0.41111111111111115,0.41413888888888883,0.0963888888888889
209,261,Hidalgo et al. (2002),15,2,G020,3,0,0.034555555555555555,0.4140555555555557,0.4236111111111111,0.12777777777777777
210,262,Hidalgo et al. (2002),16,2,G020,2,1,0.033777777777777775,0.4480555555555556,0.39372222222222214,0.12444444444444443
211,263,Hidalgo et al. (2002),21,2,G020,3,0,0.03283333333333333,0.1913968253968254,0.5650873015873014,0.2106825396825397
212,264,Hidalgo et al. (2002),22,2,G020,3,0,0.03283333333333333,0.1913968253968254,0.5650873015873014,0.2106825396825397
213,265,Hidalgo et al. (2002),23,2,G020,4,0,0.08944444444444445,0.3011666666666667,0.26655555555555555,0.34283333333333343
214,266,Hidalgo et al. (2002),24,2,G020,3,0,0.034833333333333334,0.2652539682539683,0.6198333333333332,0.08007936507936508
215,267,Hidalgo et al. (2002),25,2,G020,3,0,0.02783333333333333,0.1886190476190476,0.5828650793650793,0.20068253968253968
216,268,Hidalgo et al. (2002),26,2,G020,3,0,0.02783333333333333,0.1886190476190476,0.5828650793650793,0.20068253968253968
217,269,Hidalgo et al. (2002),27,2,G020,4,0,0.07944444444444446,0.3011111111111111,0.3057222222222221,0.3137222222222223
218,270,Hidalgo et al. (2002),28,2,G020,3,0,0.04483333333333333,0.2453650793650794,0.6330555555555555,0.07674603174603176
219,271,Hidalgo et al. (2002),29,2,G020,3,0,0.02527777777777778,0.20362698412698413,0.6004523809523808,0.17064285714285715
220,272,Hidalgo et al. (2002),30,2,G020,3,0,0.02527777777777778,0.20362698412698413,0.6004523809523808,0.17064285714285715
221,273,Hidalgo et al. (2002),31,2,G020,3,0,0.028999999999999998,0.3081666666666667,0.4139444444444444,0.24888888888888885
222,274,Hidalgo et al. (2002),32,2,G020,3,0,0.048722222222222215,0.24677777777777782,0.6413650793650792,0.06313492063492064
223,275,Han et al. (2002),W2,1,G021,1,1,0.9538888888888889,0.033611111111111105,0.0125,0.0
224,276,Han et al. (2002),W3,1,G021,1,1,0.947195767195767,0.039970899470899476,0.012833333333333334,0.0
225,277,Barda et al. (1977),B1-1,2,G022,3,0,0.05731481481481482,0.2731666666666666,0.45200000000000007,0.21751851851851853
226,278,Barda et al. (1977),B2-1,3,G022,2,0,0.09587037037037037,0.36583333333333334,0.3161111111111111,0.2221851851851852
227,279,Barda et al. (1977),B3-2,3,G022,3,1,0.07053703703703702,0.2877222222222222,0.3945555555555556,0.24718518518518523
228,280,Barda et al. (1977),B4-3,3,G022,3,1,0.017333333333333333,0.09833333333333333,0.8529444444444444,0.03138888888888889
229,281,Barda et al. (1977),B5-4,3,G022,2,0,0.0334047619047619,0.4527619047619048,0.3478333333333333,0.16599999999999998
230,282,Barda et al. (1977),B6-4,3,G022,2,0,0.04896031746031746,0.5005952380952381,0.2625,0.18794444444444444
231,283,Barda et al. (1977),B7-5,3,G022,3,1,0.0842037037037037,0.3549444444444444,0.35611111111111116,0.20474074074074075
232,284,Barda et al. (1977),B8-5,3,G022,2,0,0.06637037037037037,0.38227777777777777,0.3442777777777778,0.2070740740740741
233,286,SLDRCE (2008),Jiang_SSW-2,4,G023,4,1,0.15011904761904765,0.08097619047619048,0.024007936507936506,0.7448968253968254
234,287,SLDRCE (2008),Jiang_SSW-3,4,G023,2,0,0.0948888888888889,0.4373809523809524,0.08872222222222223,0.37900793650793646
235,297,SLDRCE (2008),Zhou_SW1,1,G023,1,1,0.6385555555555554,0.325,0.013999999999999997,0.022444444444444444
236,298,SLDRCE (2008),Zhou_SW2,2,G023,1,0,0.5440873015873016,0.2898888888888889,0.0437936507936508,0.12223015873015873
237,301,SLDRCE (2008),Zhang_SW1-1,1,G023,1,1,0.6996111111111113,0.26555555555555554,0.0016666666666666668,0.03316666666666667
238,302,SLDRCE (2008),Zhang_SW1-2,1,G023,1,1,0.7007222222222225,0.2644444444444445,0.0016666666666666668,0.03316666666666667
239,303,SLDRCE (2008),Zhang_SW1-3,1,G023,1,1,0.6953888888888891,0.2697777777777778,0.0016666666666666668,0.03316666666666667
240,304,SLDRCE (2008),Zhang_SW1-4,1,G023,1,1,0.6853888888888892,0.2797777777777778,0.0016666666666666668,0.03316666666666667
241,305,SLDRCE (2008),Zhang_SW2-1,2,G023,1,0,0.542797619047619,0.08788888888888888,0.10091666666666667,0.2683968253968254
242,306,SLDRCE (2008),Zhang_SW2-2,1,G023,1,1,0.7804365079365079,0.11761111111111111,0.01966666666666667,0.08228571428571428
243,307,SLDRCE (2008),Zhang_SW2-3,1,G023,1,1,0.8962222222222223,0.09322222222222223,0.0016666666666666668,0.008888888888888889
244,309,SLDRCE (2008),Zhang_SW3-1,1,G023,1,1,0.7007222222222225,0.2644444444444445,0.0016666666666666668,0.03316666666666667
245,310,SLDRCE (2008),Zhang_SW3-2,1,G023,1,1,0.8962222222222223,0.09322222222222223,0.0016666666666666668,0.008888888888888889
246,311,SLDRCE (2008),Zhang_SW4-1,1,G023,1,1,0.9062222222222223,0.08655555555555557,0.0016666666666666668,0.005555555555555555
247,312,SLDRCE (2008),Zhang_SW4-2,1,G023,1,1,0.8962222222222223,0.09322222222222223,0.0016666666666666668,0.008888888888888889
248,348,SLDRCE (2008),Zhang_SW4-3,1,G023,1,1,0.8962222222222223,0.09322222222222223,0.0016666666666666668,0.008888888888888889
249,315,SLDRCE (2008),Zhang_SW5-1,1,G023,1,1,0.9109444444444446,0.08183333333333334,0.0016666666666666668,0.005555555555555555
250,351,SLDRCE (2008),Zhang_SW5-2,1,G023,1,1,0.8962222222222223,0.09322222222222223,0.0016666666666666668,0.008888888888888889
251,317,SLDRCE (2008),Zhang_SW5-3,1,G023,1,1,0.8876111111111112,0.10183333333333335,0.0027777777777777775,0.007777777777777778
252,318,SLDRCE (2008),Zhang_SW6-1,1,G023,1,1,0.8814206349206349,0.10496825396825397,0.005,0.00861111111111111
253,354,SLDRCE (2008),Zhang_SW6-2,1,G023,1,1,0.8962222222222223,0.09322222222222223,0.0016666666666666668,0.008888888888888889
254,320,SLDRCE (2008),Zhang_SW6-3,1,G023,1,1,0.8962222222222223,0.09322222222222223,0.0016666666666666668,0.008888888888888889
255,321,Greifenhagen and Lestuzzi (2005),M1,1,G024,2,0,0.05305555555555555,0.6229365079365078,0.15616666666666665,0.16784126984126982
256,322,Greifenhagen and Lestuzzi (2005),M2,1,G024,2,0,0.06527777777777777,0.5279920634920635,0.26555555555555554,0.14117460317460315
257,323,Greifenhagen and Lestuzzi (2005),M3,2,G024,3,0,0.17747619047619048,0.22258730158730164,0.4478333333333334,0.1521031746031746
258,324,Greifenhagen and Lestuzzi (2005),M4,1,G024,3,0,0.06662698412698412,0.24749206349206357,0.5100555555555556,0.17582539682539683
259,325,Tasnimi (2000),SHW1,1,G025,2,0,0.459265873015873,0.46201190476190473,0.06733333333333333,0.011388888888888888
260,326,Tasnimi (2000),SHW2,1,G025,2,0,0.459265873015873,0.46201190476190473,0.06733333333333333,0.011388888888888888
261,327,Tasnimi (2000),SHW3,1,G025,2,0,0.46304365079365073,0.4653452380952381,0.05844444444444445,0.013166666666666667
262,328,Tasnimi (2000),SHW4,1,G025,2,0,0.46649603174603177,0.46689285714285716,0.05344444444444445,0.013166666666666667
263,329,Aoyama et al. (1984),P2015,3,G026,2,0,0.01979365079365079,0.4370396825396826,0.1635,0.3796666666666666
264,330,Chiou et al. (2004),MWF1,2,G027,2,1,0.051111111111111114,0.49172222222222234,0.32033333333333336,0.13683333333333333
265,331,Chiou et al. (2004),MWF2,2,G027,2,1,0.03861111111111111,0.5375555555555556,0.30783333333333335,0.11599999999999999
266,332,Chiou et al. (2004),LWF1,2,G027,2,1,0.04733333333333334,0.5088888888888891,0.2981111111111111,0.14566666666666667
267,333,Chiou et al. (2004),LWF2,2,G027,2,1,0.034833333333333334,0.5697222222222222,0.27727777777777773,0.11816666666666667
268,334,Cho et al.(2004),W3,1,G028,1,1,0.49446825396825383,0.44230952380952376,0.028333333333333332,0.034888888888888886
269,335,Deng et al.(2008),HPCW-01,1,G029,1,1,0.7749444444444445,0.1075,0.10755555555555556,0.01
270,336,Deng et al.(2008),HPCW-02,1,G029,1,1,0.7574444444444445,0.11333333333333333,0.12088888888888888,0.008333333333333333
271,337,Deng et al.(2008),HPCW-03,1,G029,1,1,0.783,0.09944444444444445,0.10755555555555556,0.01
272,338,Deng et al.(2008),HPCW-04,1,G029,1,1,0.7716111111111111,0.10416666666666667,0.11422222222222222,0.01
273,339,Elnashai and Pinho (1998),Original,1,G030,1,1,0.8604166666666667,0.07569444444444445,0.00788888888888889,0.05599999999999999
274,340,Hsiao et al.(2008),MW1,2,G031,2,1,0.19277777777777777,0.47976190476190483,0.17394444444444443,0.15351587301587302
275,341,Hsiao et al.(2008),LW1,2,G031,2,1,0.15441666666666667,0.5017619047619047,0.22524999999999995,0.11857142857142856
276,342,Hwang et al. (2004),WF-12,2,G032,2,1,0.09161111111111112,0.5683333333333334,0.2950555555555556,0.045
277,343,Hwang et al. (2004),WF-15,4,G032,2,0,0.09472222222222222,0.527,0.2932777777777778,0.085
278,344,Kabeyasawa and Matsumoto (1992),NW-1,2,G033,2,1,0.14038888888888892,0.653111111111111,0.07214814814814814,0.13435185185185186
279,345,Kabeyasawa and Matsumoto (1992),NW-2,2,G033,2,1,0.21044444444444446,0.5173333333333333,0.12842592592592592,0.1437962962962963
280,346,Kabeyasawa and Matsumoto (1992),NW-3,2,G033,2,1,0.09844444444444443,0.6883888888888888,0.07437037037037036,0.1387962962962963
281,347,Kabeyasawa and Matsumoto (1992),NW-4,2,G033,2,1,0.089,0.6889444444444445,0.0677037037037037,0.15435185185185185
282,348,Kabeyasawa and Matsumoto (1992),NW-5,2,G033,2,1,0.07316666666666667,0.6964444444444444,0.07103703703703704,0.15935185185185186
283,349,Kabeyasawa and Matsumoto (1992),NW-6,2,G033,2,1,0.051944444444444446,0.7543333333333334,0.08437037037037037,0.10935185185185185
284,350,Kimura and Sugano (1996),W8N18,2,G034,2,1,0.2654920634920635,0.46344444444444455,0.06861904761904764,0.20244444444444448
285,351,Kimura and Sugano (1996),W8N13,2,G034,2,1,0.30025132275132277,0.43927777777777777,0.05995238095238096,0.20051851851851854
286,352,Kimura and Sugano (1996),W8N08H,2,G034,2,1,0.2921031746031746,0.4426111111111111,0.0655079365079365,0.1997777777777778
287,353,Kimura and Sugano (1996),W4N18,2,G034,2,1,0.06838095238095239,0.8109999999999998,0.01945238095238095,0.10116666666666664
288,354,Kimura and Sugano (1996),W4N18C,2,G034,2,1,0.1087142857142857,0.7389999999999999,0.01973015873015873,0.13255555555555557
289,355,Lombard et al.(2000),1,1,G035,3,0,0.1984761904761905,0.2510396825396825,0.29413492063492064,0.25634920634920644
290,356,Lopes et al. (2001),SW13,2,G036,4,0,0.08403968253968254,0.08527777777777779,0.14722222222222223,0.6834603174603174
291,357,Massone et al. (2009),WS-T1-S1,3,G037,3,1,0.10749206349206349,0.21266666666666667,0.471100529100529,0.20874074074074073
292,358,Massone et al. (2009),WS-T4-S2,4,G037,3,0,0.2934920634920635,0.23427777777777778,0.3826283068783069,0.08960185185185185
293,359,Massone et al. (2009),WP-T5-N10-S2,2,G037,3,0,0.1363888888888889,0.33780158730158727,0.4794206349206349,0.046388888888888896
294,360,Nakamura et al. (2009),I-1,4,G038,2,0,0.20099999999999996,0.3860555555555556,0.3091111111111111,0.10383333333333332
295,361,Nakamura et al. (2009),I-2,4,G038,2,0,0.19327777777777777,0.38672222222222224,0.3153333333333333,0.10466666666666664
296,362,Oh et al. (2006),HRI-W2,1,G039,1,1,0.7717936507936507,0.12877777777777777,0.02453968253968254,0.0748888888888889
297,363,Oh et al. (2006),HRI-W5,1,G039,1,1,0.7482142857142855,0.16296825396825398,0.04465079365079365,0.04416666666666667
298,364,Oh et al. (2006),HRI-W7,1,G039,1,1,0.4592539682539682,0.365388888888889,0.14624603174603176,0.029111111111111115
299,365,Oh et al. (2002),WR-0,1,G040,1,1,0.5754444444444446,0.21227777777777773,0.19783333333333333,0.014444444444444444
300,366,Palermo and Vecchio (2002),DP1,4,G041,3,0,0.29921428571428577,0.30027777777777775,0.34132539682539675,0.05918253968253969
301,367,Palermo and Vecchio (2002),DP2,4,G041,3,0,0.28099206349206357,0.3200555555555556,0.3206031746031746,0.07834920634920636
302,368,Paulay et al. (1982),wall 1,4,G042,4,1,0.02625,0.05466666666666666,0.0,0.9190833333333334
303,369,Sittipunt and Wood (2004),W1,3,G043,2,0,0.20377777777777778,0.6190555555555555,0.1373888888888889,0.03977777777777778
304,370,Sittipunt and Wood (2004),W2,3,G043,2,0,0.19927777777777778,0.5647222222222222,0.17677777777777778,0.059222222222222204
305,371,Taylor et al. (1996),RW2,1,G044,1,1,0.4688650793650794,0.41841269841269846,0.041222222222222216,0.0715
306,372,Tokunaga and Nakachi (2012),No3,2,G045,1,0,0.822579365079365,0.07853703703703703,0.0631058201058201,0.035777777777777776
307,373,Tokunaga and Nakachi (2012),No4,2,G045,1,0,0.8203571428571429,0.10075925925925926,0.04643915343915344,0.03244444444444444
308,374,Tokunaga and Nakachi (2012),H1,2,G045,1,0,0.8370238095238095,0.08409259259259258,0.04643915343915344,0.03244444444444444
309,375,Tomazevic et al. (1996),SW00N1,2,G046,1,0,0.5102500000000001,0.28833333333333333,0.11586111111111111,0.08555555555555557
310,376,Tomazevic et al. (1996),SW00N2,2,G046,1,0,0.507601851851852,0.32242592592592595,0.08830555555555555,0.08166666666666667
311,377,Tomazevic et al. (1996),SW23N1,2,G046,1,0,0.5438095238095239,0.23850000000000005,0.09983333333333333,0.11785714285714284
312,378,Tomazevic et al. (1996),SW23N2,2,G046,1,0,0.5593650793650794,0.2398888888888889,0.07955555555555555,0.12119047619047615
313,379,Tomazevic et al. (1996),SW23C1,2,G046,1,0,0.5131111111111111,0.27161111111111114,0.0898333333333333,0.12544444444444441
314,380,Tomazevic et al. (1996),SW23C2,2,G046,1,0,0.5306666666666667,0.2721666666666666,0.08416666666666664,0.11300000000000002
315,381,Tomazevic et al. (1996),SW60N1,2,G046,2,1,0.3030555555555556,0.34838095238095235,0.20673015873015876,0.1418333333333333
316,382,Tomazevic et al. (1996),SW60N2,2,G046,2,1,0.36427777777777776,0.3653253968253969,0.15184126984126986,0.11855555555555554
317,383,Tomazevic et al. (1996),SW60C1,2,G046,2,1,0.29200000000000004,0.35432539682539677,0.1916746031746032,0.16199999999999998
318,384,Tomazevic et al. (1996),SW60C2,2,G046,2,1,0.35794444444444445,0.36071428571428577,0.1492857142857143,0.13205555555555556
319,385,Wallace et al. (2008),P0.05,2,G047,2,1,0.20075396825396824,0.44758730158730153,0.28849206349206347,0.06316666666666665
320,387,Su and Wong (2007),W1,1,G048,2,0,0.4072962962962963,0.5473148148148148,0.04427777777777778,0.0011111111111111111
321,388,Su and Wong (2007),W2,1,G048,2,0,0.36096296296296304,0.6114259259259259,0.0265,0.0011111111111111111
322,389,Su and Wong (2007),W3,1,G048,2,0,0.33707407407407414,0.6486481481481481,0.013166666666666665,0.0011111111111111111
323,390,Dabbagh (2005),SW1,3,G049,3,1,0.1895,0.1433888888888889,0.6367936507936509,0.030317460317460316
324,391,Dabbagh (2005),SW2,4,G049,3,0,0.0805,0.05727777777777778,0.8252777777777777,0.036944444444444446
325,392,Dabbagh (2005),SW3,3,G049,3,1,0.11561111111111112,0.10088888888888889,0.7631825396825397,0.020317460317460317
326,393,Dabbagh (2005),SW4,3,G049,3,1,0.1297222222222222,0.05772222222222222,0.7739047619047619,0.03865079365079365
327,394,Dabbagh (2005),SW5,3,G049,3,1,0.12661111111111112,0.06349999999999999,0.7870714285714285,0.022817460317460316
328,395,Dabbagh (2005),SW6,3,G049,3,1,0.07849999999999999,0.06983333333333333,0.8327777777777777,0.018888888888888886
329,396,Gebreyohaness et al (2014),WPS1,3,G050,1,0,0.4538174603174604,0.33260317460317457,0.035277777777777776,0.17830158730158727
330,397,Gebreyohaness et al (2014),WPS2,3,G050,1,0,0.5800079365079365,0.26049206349206344,0.04505555555555555,0.11444444444444445
331,398,Gebreyohaness et al (2014),WPS3,3,G050,2,0,0.1870714285714286,0.3900079365079365,0.10364285714285713,0.3192777777777778
332,399,Gebreyohaness et al (2014),WPS4,2,G050,2,1,0.2717380952380952,0.3792857142857143,0.09997619047619048,0.24899999999999997
333,404,Gebreyohaness et al (2014),WPS9,3,G050,2,0,0.21120238095238095,0.4865833333333333,0.0719126984126984,0.23030158730158726
334,405,Gebreyohaness et al (2014),WPS10,2,G050,1,0,0.428638888888889,0.34824999999999995,0.05033333333333334,0.17277777777777775
335,406,Gebreyohaness et al (2014),WSS1,3,G050,2,0,0.21212698412698414,0.4775079365079365,0.1084206349206349,0.20194444444444443
336,407,Gebreyohaness et al (2014),WSS2,3,G050,2,0,0.2869047619047619,0.44284126984126987,0.10764285714285715,0.16261111111111112
337,408,Jiang et al. (2013),SW1,1,G051,1,1,0.37509259259259264,0.1591746031746032,0.27988095238095234,0.18585185185185185
338,409,Jiang et al. (2013),SW2,1,G051,1,1,0.3731666666666667,0.17434126984126982,0.27154761904761904,0.18094444444444444
339,410,Jiang et al. (2013),SW3,1,G051,1,1,0.3781666666666667,0.17156349206349206,0.27154761904761904,0.17872222222222223
340,411,Jiang et al. (2013),SW4,1,G051,1,1,0.37788888888888894,0.17156349206349206,0.27154761904761904,0.17900000000000002
341,412,Jiang et al. (2013),SW5,1,G051,1,1,0.39244444444444443,0.20128571428571423,0.2954365079365079,0.11083333333333334
342,413,Jiang et al. (2013),SW7,1,G051,1,1,0.6745555555555555,0.08442592592592593,0.030944444444444445,0.21007407407407408
343,414,Kuang and Ho (2008),U1.0,1,G052,4,0,0.048976190476190486,0.11811111111111113,0.38842063492063483,0.4444920634920635
344,415,Kuang and Ho (2008),U1.5,1,G052,1,1,0.3521984126984127,0.1901904761904762,0.23388888888888887,0.22372222222222224
345,416,Kuang and Ho (2008),C1.0,1,G052,3,0,0.05058730158730159,0.13863492063492064,0.4816666666666667,0.3291111111111112
346,417,Kuang and Ho (2008),C1.5,1,G052,1,1,0.2931984126984127,0.24685714285714289,0.28416666666666673,0.17577777777777776
347,418,Kuang and Ho (2008),U1.0-BC,1,G052,4,0,0.11619047619047618,0.041388888888888885,0.11416666666666667,0.7282539682539684
348,419,Kuang and Ho (2008),U1.5-BC,1,G052,1,1,0.5679682539682539,0.13694444444444442,0.11344444444444444,0.1816428571428572
349,420,Kuang and Ho (2008),U1.0-BC2,1,G052,4,0,0.0936904761904762,0.042222222222222223,0.11416666666666667,0.749920634920635
350,421,Kuang and Ho (2008),U1.0-CT,1,G052,4,0,0.03897619047619048,0.12083333333333336,0.38075396825396823,0.459436507936508
351,422,Gupta and Rangan (1998),S-F,1,G053,3,0,0.14122222222222225,0.2520555555555556,0.4571111111111112,0.1496111111111111
352,423,Gupta and Rangan (1998),S-1,3,G053,3,1,0.17222222222222222,0.1166666666666667,0.5175555555555555,0.19355555555555554
353,424,Gupta and Rangan (1998),S-2,3,G053,4,0,0.1575,0.104,0.3567222222222221,0.3817777777777778
354,425,Gupta and Rangan (1998),S-3,3,G053,3,1,0.1322222222222222,0.18522222222222226,0.5575000000000002,0.12505555555555556
355,426,Gupta and Rangan (1998),S-4,3,G053,3,1,0.1138888888888889,0.06892857142857142,0.5237407407407406,0.29344179894179895
356,427,Gupta and Rangan (1998),S-5,3,G053,4,0,0.12744444444444444,0.05999999999999999,0.40618518518518515,0.40637037037037044
357,428,Gupta and Rangan (1998),S-6,3,G053,3,1,0.11411111111111111,0.08142857142857142,0.45996296296296285,0.3444973544973546
358,429,Gupta and Rangan (1998),S-7,3,G053,3,1,0.14216666666666666,0.12038888888888889,0.47800000000000004,0.2594444444444444
359,430,Yuan et al. (2018),SW-1,1,G054,1,1,0.915,0.07333333333333333,0.01,0.0016666666666666668
360,431,Yuan et al. (2018),SW-2,1,G054,1,1,0.8816111111111111,0.10672222222222222,0.0,0.011666666666666665
361,432,Yanez et al. (1991),S1,1,G055,2,0,0.18859523809523812,0.29353174603174603,0.2689682539682539,0.24890476190476188
362,434,Terzioglu et al. (2018),T2-S2-3,2,G056,4,0,0.09622222222222222,0.21480158730158724,0.2676428571428571,0.4213333333333334
363,435,Terzioglu et al. (2018),T1-S2-9,2,G056,3,0,0.08637037037037036,0.32689682539682546,0.4693809523809523,0.11735185185185183
364,436,Terzioglu et al. (2018),T1-N10-S1-11,2,G056,2,1,0.1553941798941799,0.37325661375661373,0.3128492063492063,0.1585
365,437,Terzioglu et al. (2018),T1-S1-2,2,G056,3,0,0.08159259259259259,0.35417460317460325,0.4973809523809523,0.06685185185185184
366,438,Abdulridha and Palermo (2017),W1-SR,1,G057,1,1,0.861015873015873,0.03233333333333334,0.002444444444444445,0.1042063492063492
367,439,Christidis and Trezos (2017),W7,1,G058,1,1,0.5784444444444443,0.0706111111111111,0.019166666666666665,0.3317777777777777
368,440,Christidis and Trezos (2017),W9,2,G058,1,0,0.8318571428571429,0.042111111111111106,0.08725396825396826,0.03877777777777778
369,441,Christidis and Trezos (2017),W11,2,G058,1,0,0.8549126984126983,0.036833333333333336,0.07030952380952382,0.03794444444444444
370,442,Christidis and Trezos (2017),W13,2,G058,1,0,0.8521349206349207,0.04544444444444445,0.06447619047619048,0.03794444444444444
371,443,Ren et al. (2018),RC-W,1,G059,1,1,0.8310238095238096,0.14575396825396827,0.02211111111111111,0.0011111111111111111
372,444,Qiao et al. (2017),W1,1,G060,4,0,0.12677777777777777,0.17063492063492067,0.18947619047619044,0.5131111111111111
373,445,Shen et al. (2017),SHW0,1,G061,1,1,0.5847222222222221,0.13022222222222224,0.01722222222222222,0.2678333333333333
374,446,Mohamed et al. (2014),ST15,1,G062,1,1,0.72,0.19805555555555554,0.06222222222222223,0.019722222222222224
375,447,Ghazizadeh and Cruz-Noguez (2018),Control Wall,1,G063,4,0,0.17989285714285713,0.07884126984126982,0.21726984126984125,0.5239960317460317
376,448,Aanasopoulou (2010),S1,1,G064,4,0,0.36061111111111105,0.01606349206349206,0.15168903318903315,0.4716363636363636
377,449,Aanasopoulou (2010),S4,4,G064,4,1,0.4258888888888889,0.007777777777777777,0.08805555555555555,0.47827777777777775
378,450,Aanasopoulou (2010),S6,1,G064,1,1,0.7649444444444445,0.008888888888888889,0.04549999999999999,0.18066666666666667
379,451,Aanasopoulou (2010),S9,1,G064,1,1,0.7463333333333334,0.015,0.03883333333333333,0.19983333333333334
380,452,Aanasopoulou (2010),S10,1,G064,1,1,0.7207222222222224,0.017611111111111112,0.049499999999999995,0.21216666666666667
381,453,Alltin et al. (2013),Specimen 1,3,G065,1,0,0.4262857142857143,0.21821428571428575,0.22816666666666668,0.12733333333333333
382,454,Zhu and Guo (2017),MW,1,G066,1,1,0.838,0.1542222222222222,0.0016666666666666668,0.0061111111111111106
383,455,Mansur et al. (1992),W2,2,G067,3,0,0.016944444444444443,0.3516666666666666,0.44061111111111123,0.19077777777777777
384,456,Mansur et al. (1992),W3,2,G067,3,0,0.016111111111111107,0.32111111111111107,0.4570000000000001,0.20577777777777778
385,457,Mansur et al. (1992),W4,2,G067,2,1,0.05365079365079365,0.5672936507936508,0.34933333333333333,0.02972222222222222
386,458,Lu et al. (2017),C1,1,G068,1,1,0.9461666666666667,0.02911111111111111,0.01472222222222222,0.01
387,459,Lu et al. (2018),C2,1,G069,1,1,0.9198690476190474,0.06532539682539683,0.008416666666666666,0.006388888888888888
388,460,Lu et al. (2019),C3,1,G070,1,1,0.9733333333333334,0.012777777777777777,0.01388888888888889,0.0
389,461,Lu et al. (2020),C4,1,G071,1,1,0.8675634920634919,0.064,0.034666666666666665,0.03376984126984127
390,462,Lu et al. (2021),C5,1,G072,1,1,0.8843888888888891,0.09427777777777777,0.021333333333333336,0.0
391,463,Lu et al. (2022),C6,1,G073,1,1,0.9430912698412698,0.037936507936507935,0.011472222222222222,0.0075
392,464,Tripathi et al. (2019),SWD-1,1,G074,1,1,0.4518888888888889,0.18748412698412703,0.1460767195767196,0.21455026455026455
393,465,Tripathi et al. (2020),SWD-2,1,G075,1,1,0.5722222222222222,0.13144444444444445,0.062388888888888897,0.23394444444444445
